pass	env	branch	fixture	blocks_poked	failed_pokes	init_time_s	total_poke_time_s	avg_per_block_ms	throughput_blocks_s	checkpoints	samples	gc_events	fault_bursts	peak_rss_mib	p95_rss_mib	peak_pma_rss_mib	peak_pma_size_mib	peak_nockstack_rss_mib	peak_anon_mib	peak_file_mib	minor_faults_delta	major_faults_delta	wall_clock	max_rss_kb	exit_status	profile_path	bench_log	time_log	perf_samples	perf_unique_stacks	perf_summary_json	perf_flamegraph_svg	perf_report_txt	perf_folded	perf_data	tracy_trace	tracy_capture_log	tracy_size_bytes	tracy_frames	tracy_time_span_s	tracy_zones
1	native	master	v0d	100	0	3.04	4.22	42.22	23.68	0	0	0	0	0	0	0	0	0	0	0	0	0	0:07.76	1418392	0	/shared/nockchain-ext4-bench/artifacts/runs/20260218_204624-sol-8fixtures-x2-tracy-perf-nocktrace-v0sym-legacy/runs/pass1/native/master/v0d/profile.json	/shared/nockchain-ext4-bench/artifacts/runs/20260218_204624-sol-8fixtures-x2-tracy-perf-nocktrace-v0sym-legacy/runs/pass1/native/master/v0d/bench.log	/shared/nockchain-ext4-bench/artifacts/runs/20260218_204624-sol-8fixtures-x2-tracy-perf-nocktrace-v0sym-legacy/runs/pass1/native/master/v0d/time.txt	2053	446	/shared/nockchain-ext4-bench/artifacts/runs/20260218_204624-sol-8fixtures-x2-tracy-perf-nocktrace-v0sym-legacy/runs/pass1/native/master/v0d/perf-summary.json	/shared/nockchain-ext4-bench/artifacts/runs/20260218_204624-sol-8fixtures-x2-tracy-perf-nocktrace-v0sym-legacy/runs/pass1/native/master/v0d/perf-flamegraph.svg	/shared/nockchain-ext4-bench/artifacts/runs/20260218_204624-sol-8fixtures-x2-tracy-perf-nocktrace-v0sym-legacy/runs/pass1/native/master/v0d/perf-report.txt	/shared/nockchain-ext4-bench/artifacts/runs/20260218_204624-sol-8fixtures-x2-tracy-perf-nocktrace-v0sym-legacy/runs/pass1/native/master/v0d/perf.folded	/shared/nockchain-ext4-bench/artifacts/runs/20260218_204624-sol-8fixtures-x2-tracy-perf-nocktrace-v0sym-legacy/runs/pass1/native/master/v0d/perf.data	/shared/nockchain-ext4-bench/artifacts/runs/20260218_204624-sol-8fixtures-x2-tracy-perf-nocktrace-v0sym-legacy/runs/pass1/native/master/v0d/trace.tracy	/shared/nockchain-ext4-bench/artifacts/runs/20260218_204624-sol-8fixtures-x2-tracy-perf-nocktrace-v0sym-legacy/runs/pass1/native/master/v0d/trace-capture.log	6876349	3	7.29	0
1	native	master	v0f	100	0	204.69	95.08	950.82	1.05	0	0	0	0	0	0	0	0	0	0	0	0	0	5:14.47	21197156	0	/shared/nockchain-ext4-bench/artifacts/runs/20260218_204624-sol-8fixtures-x2-tracy-perf-nocktrace-v0sym-legacy/runs/pass1/native/master/v0f/profile.json	/shared/nockchain-ext4-bench/artifacts/runs/20260218_204624-sol-8fixtures-x2-tracy-perf-nocktrace-v0sym-legacy/runs/pass1/native/master/v0f/bench.log	/shared/nockchain-ext4-bench/artifacts/runs/20260218_204624-sol-8fixtures-x2-tracy-perf-nocktrace-v0sym-legacy/runs/pass1/native/master/v0f/time.txt	61341	738	/shared/nockchain-ext4-bench/artifacts/runs/20260218_204624-sol-8fixtures-x2-tracy-perf-nocktrace-v0sym-legacy/runs/pass1/native/master/v0f/perf-summary.json	/shared/nockchain-ext4-bench/artifacts/runs/20260218_204624-sol-8fixtures-x2-tracy-perf-nocktrace-v0sym-legacy/runs/pass1/native/master/v0f/perf-flamegraph.svg	/shared/nockchain-ext4-bench/artifacts/runs/20260218_204624-sol-8fixtures-x2-tracy-perf-nocktrace-v0sym-legacy/runs/pass1/native/master/v0f/perf-report.txt	/shared/nockchain-ext4-bench/artifacts/runs/20260218_204624-sol-8fixtures-x2-tracy-perf-nocktrace-v0sym-legacy/runs/pass1/native/master/v0f/perf.folded	/shared/nockchain-ext4-bench/artifacts/runs/20260218_204624-sol-8fixtures-x2-tracy-perf-nocktrace-v0sym-legacy/runs/pass1/native/master/v0f/perf.data	/shared/nockchain-ext4-bench/artifacts/runs/20260218_204624-sol-8fixtures-x2-tracy-perf-nocktrace-v0sym-legacy/runs/pass1/native/master/v0f/trace.tracy	/shared/nockchain-ext4-bench/artifacts/runs/20260218_204624-sol-8fixtures-x2-tracy-perf-nocktrace-v0sym-legacy/runs/pass1/native/master/v0f/trace-capture.log	0	0	0	0
1	native	master	v1d	100	0	2.92	4.24	42.43	23.57	0	0	0	0	0	0	0	0	0	0	0	0	0	0:07.62	1420896	0	/shared/nockchain-ext4-bench/artifacts/runs/20260218_204624-sol-8fixtures-x2-tracy-perf-nocktrace-v0sym-legacy/runs/pass1/native/master/v1d/profile.json	/shared/nockchain-ext4-bench/artifacts/runs/20260218_204624-sol-8fixtures-x2-tracy-perf-nocktrace-v0sym-legacy/runs/pass1/native/master/v1d/bench.log	/shared/nockchain-ext4-bench/artifacts/runs/20260218_204624-sol-8fixtures-x2-tracy-perf-nocktrace-v0sym-legacy/runs/pass1/native/master/v1d/time.txt	1977	445	/shared/nockchain-ext4-bench/artifacts/runs/20260218_204624-sol-8fixtures-x2-tracy-perf-nocktrace-v0sym-legacy/runs/pass1/native/master/v1d/perf-summary.json	/shared/nockchain-ext4-bench/artifacts/runs/20260218_204624-sol-8fixtures-x2-tracy-perf-nocktrace-v0sym-legacy/runs/pass1/native/master/v1d/perf-flamegraph.svg	/shared/nockchain-ext4-bench/artifacts/runs/20260218_204624-sol-8fixtures-x2-tracy-perf-nocktrace-v0sym-legacy/runs/pass1/native/master/v1d/perf-report.txt	/shared/nockchain-ext4-bench/artifacts/runs/20260218_204624-sol-8fixtures-x2-tracy-perf-nocktrace-v0sym-legacy/runs/pass1/native/master/v1d/perf.folded	/shared/nockchain-ext4-bench/artifacts/runs/20260218_204624-sol-8fixtures-x2-tracy-perf-nocktrace-v0sym-legacy/runs/pass1/native/master/v1d/perf.data	/shared/nockchain-ext4-bench/artifacts/runs/20260218_204624-sol-8fixtures-x2-tracy-perf-nocktrace-v0sym-legacy/runs/pass1/native/master/v1d/trace.tracy	/shared/nockchain-ext4-bench/artifacts/runs/20260218_204624-sol-8fixtures-x2-tracy-perf-nocktrace-v0sym-legacy/runs/pass1/native/master/v1d/trace-capture.log	6693478	3	7.26	0
1	native	master	v1f	100	0	204.54	95.60	955.98	1.05	0	0	0	0	0	0	0	0	0	0	0	0	0	5:14.57	21200300	0	/shared/nockchain-ext4-bench/artifacts/runs/20260218_204624-sol-8fixtures-x2-tracy-perf-nocktrace-v0sym-legacy/runs/pass1/native/master/v1f/profile.json	/shared/nockchain-ext4-bench/artifacts/runs/20260218_204624-sol-8fixtures-x2-tracy-perf-nocktrace-v0sym-legacy/runs/pass1/native/master/v1f/bench.log	/shared/nockchain-ext4-bench/artifacts/runs/20260218_204624-sol-8fixtures-x2-tracy-perf-nocktrace-v0sym-legacy/runs/pass1/native/master/v1f/time.txt	61326	762	/shared/nockchain-ext4-bench/artifacts/runs/20260218_204624-sol-8fixtures-x2-tracy-perf-nocktrace-v0sym-legacy/runs/pass1/native/master/v1f/perf-summary.json	/shared/nockchain-ext4-bench/artifacts/runs/20260218_204624-sol-8fixtures-x2-tracy-perf-nocktrace-v0sym-legacy/runs/pass1/native/master/v1f/perf-flamegraph.svg	/shared/nockchain-ext4-bench/artifacts/runs/20260218_204624-sol-8fixtures-x2-tracy-perf-nocktrace-v0sym-legacy/runs/pass1/native/master/v1f/perf-report.txt	/shared/nockchain-ext4-bench/artifacts/runs/20260218_204624-sol-8fixtures-x2-tracy-perf-nocktrace-v0sym-legacy/runs/pass1/native/master/v1f/perf.folded	/shared/nockchain-ext4-bench/artifacts/runs/20260218_204624-sol-8fixtures-x2-tracy-perf-nocktrace-v0sym-legacy/runs/pass1/native/master/v1f/perf.data	/shared/nockchain-ext4-bench/artifacts/runs/20260218_204624-sol-8fixtures-x2-tracy-perf-nocktrace-v0sym-legacy/runs/pass1/native/master/v1f/trace.tracy	/shared/nockchain-ext4-bench/artifacts/runs/20260218_204624-sol-8fixtures-x2-tracy-perf-nocktrace-v0sym-legacy/runs/pass1/native/master/v1f/trace-capture.log	0	0	0	0
1	native	master	v2d	100	0	3.01	4.25	42.54	23.51	0	0	0	0	0	0	0	0	0	0	0	0	0	0:07.76	1501296	0	/shared/nockchain-ext4-bench/artifacts/runs/20260218_204624-sol-8fixtures-x2-tracy-perf-nocktrace-v0sym-legacy/runs/pass1/native/master/v2d/profile.json	/shared/nockchain-ext4-bench/artifacts/runs/20260218_204624-sol-8fixtures-x2-tracy-perf-nocktrace-v0sym-legacy/runs/pass1/native/master/v2d/bench.log	/shared/nockchain-ext4-bench/artifacts/runs/20260218_204624-sol-8fixtures-x2-tracy-perf-nocktrace-v0sym-legacy/runs/pass1/native/master/v2d/time.txt	2194	479	/shared/nockchain-ext4-bench/artifacts/runs/20260218_204624-sol-8fixtures-x2-tracy-perf-nocktrace-v0sym-legacy/runs/pass1/native/master/v2d/perf-summary.json	/shared/nockchain-ext4-bench/artifacts/runs/20260218_204624-sol-8fixtures-x2-tracy-perf-nocktrace-v0sym-legacy/runs/pass1/native/master/v2d/perf-flamegraph.svg	/shared/nockchain-ext4-bench/artifacts/runs/20260218_204624-sol-8fixtures-x2-tracy-perf-nocktrace-v0sym-legacy/runs/pass1/native/master/v2d/perf-report.txt	/shared/nockchain-ext4-bench/artifacts/runs/20260218_204624-sol-8fixtures-x2-tracy-perf-nocktrace-v0sym-legacy/runs/pass1/native/master/v2d/perf.folded	/shared/nockchain-ext4-bench/artifacts/runs/20260218_204624-sol-8fixtures-x2-tracy-perf-nocktrace-v0sym-legacy/runs/pass1/native/master/v2d/perf.data	/shared/nockchain-ext4-bench/artifacts/runs/20260218_204624-sol-8fixtures-x2-tracy-perf-nocktrace-v0sym-legacy/runs/pass1/native/master/v2d/trace.tracy	/shared/nockchain-ext4-bench/artifacts/runs/20260218_204624-sol-8fixtures-x2-tracy-perf-nocktrace-v0sym-legacy/runs/pass1/native/master/v2d/trace-capture.log	14962431	3	7.31	0
1	native	master	v2f	100	0	204.70	95.51	955.13	1.05	0	0	0	0	0	0	0	0	0	0	0	0	0	5:17.06	21202252	0	/shared/nockchain-ext4-bench/artifacts/runs/20260218_204624-sol-8fixtures-x2-tracy-perf-nocktrace-v0sym-legacy/runs/pass1/native/master/v2f/profile.json	/shared/nockchain-ext4-bench/artifacts/runs/20260218_204624-sol-8fixtures-x2-tracy-perf-nocktrace-v0sym-legacy/runs/pass1/native/master/v2f/bench.log	/shared/nockchain-ext4-bench/artifacts/runs/20260218_204624-sol-8fixtures-x2-tracy-perf-nocktrace-v0sym-legacy/runs/pass1/native/master/v2f/time.txt	61319	799	/shared/nockchain-ext4-bench/artifacts/runs/20260218_204624-sol-8fixtures-x2-tracy-perf-nocktrace-v0sym-legacy/runs/pass1/native/master/v2f/perf-summary.json	/shared/nockchain-ext4-bench/artifacts/runs/20260218_204624-sol-8fixtures-x2-tracy-perf-nocktrace-v0sym-legacy/runs/pass1/native/master/v2f/perf-flamegraph.svg	/shared/nockchain-ext4-bench/artifacts/runs/20260218_204624-sol-8fixtures-x2-tracy-perf-nocktrace-v0sym-legacy/runs/pass1/native/master/v2f/perf-report.txt	/shared/nockchain-ext4-bench/artifacts/runs/20260218_204624-sol-8fixtures-x2-tracy-perf-nocktrace-v0sym-legacy/runs/pass1/native/master/v2f/perf.folded	/shared/nockchain-ext4-bench/artifacts/runs/20260218_204624-sol-8fixtures-x2-tracy-perf-nocktrace-v0sym-legacy/runs/pass1/native/master/v2f/perf.data	/shared/nockchain-ext4-bench/artifacts/runs/20260218_204624-sol-8fixtures-x2-tracy-perf-nocktrace-v0sym-legacy/runs/pass1/native/master/v2f/trace.tracy	/shared/nockchain-ext4-bench/artifacts/runs/20260218_204624-sol-8fixtures-x2-tracy-perf-nocktrace-v0sym-legacy/runs/pass1/native/master/v2f/trace-capture.log	0	0	0	0
1	native	master	h51000d	101	0	2.91	4.36	43.21	23.14	0	0	0	0	0	0	0	0	0	0	0	0	0	0:07.80	1481140	0	/shared/nockchain-ext4-bench/artifacts/runs/20260218_204624-sol-8fixtures-x2-tracy-perf-nocktrace-v0sym-legacy/runs/pass1/native/master/h51000d/profile.json	/shared/nockchain-ext4-bench/artifacts/runs/20260218_204624-sol-8fixtures-x2-tracy-perf-nocktrace-v0sym-legacy/runs/pass1/native/master/h51000d/bench.log	/shared/nockchain-ext4-bench/artifacts/runs/20260218_204624-sol-8fixtures-x2-tracy-perf-nocktrace-v0sym-legacy/runs/pass1/native/master/h51000d/time.txt	2200	467	/shared/nockchain-ext4-bench/artifacts/runs/20260218_204624-sol-8fixtures-x2-tracy-perf-nocktrace-v0sym-legacy/runs/pass1/native/master/h51000d/perf-summary.json	/shared/nockchain-ext4-bench/artifacts/runs/20260218_204624-sol-8fixtures-x2-tracy-perf-nocktrace-v0sym-legacy/runs/pass1/native/master/h51000d/perf-flamegraph.svg	/shared/nockchain-ext4-bench/artifacts/runs/20260218_204624-sol-8fixtures-x2-tracy-perf-nocktrace-v0sym-legacy/runs/pass1/native/master/h51000d/perf-report.txt	/shared/nockchain-ext4-bench/artifacts/runs/20260218_204624-sol-8fixtures-x2-tracy-perf-nocktrace-v0sym-legacy/runs/pass1/native/master/h51000d/perf.folded	/shared/nockchain-ext4-bench/artifacts/runs/20260218_204624-sol-8fixtures-x2-tracy-perf-nocktrace-v0sym-legacy/runs/pass1/native/master/h51000d/perf.data	/shared/nockchain-ext4-bench/artifacts/runs/20260218_204624-sol-8fixtures-x2-tracy-perf-nocktrace-v0sym-legacy/runs/pass1/native/master/h51000d/trace.tracy	/shared/nockchain-ext4-bench/artifacts/runs/20260218_204624-sol-8fixtures-x2-tracy-perf-nocktrace-v0sym-legacy/runs/pass1/native/master/h51000d/trace-capture.log	14812569	3	7.38	0
1	native	master	h51000f	101	0	205.07	96.17	952.20	1.05	0	0	0	0	0	0	0	0	0	0	0	0	0	5:19.03	21218004	0	/shared/nockchain-ext4-bench/artifacts/runs/20260218_204624-sol-8fixtures-x2-tracy-perf-nocktrace-v0sym-legacy/runs/pass1/native/master/h51000f/profile.json	/shared/nockchain-ext4-bench/artifacts/runs/20260218_204624-sol-8fixtures-x2-tracy-perf-nocktrace-v0sym-legacy/runs/pass1/native/master/h51000f/bench.log	/shared/nockchain-ext4-bench/artifacts/runs/20260218_204624-sol-8fixtures-x2-tracy-perf-nocktrace-v0sym-legacy/runs/pass1/native/master/h51000f/time.txt	61685	744	/shared/nockchain-ext4-bench/artifacts/runs/20260218_204624-sol-8fixtures-x2-tracy-perf-nocktrace-v0sym-legacy/runs/pass1/native/master/h51000f/perf-summary.json	/shared/nockchain-ext4-bench/artifacts/runs/20260218_204624-sol-8fixtures-x2-tracy-perf-nocktrace-v0sym-legacy/runs/pass1/native/master/h51000f/perf-flamegraph.svg	/shared/nockchain-ext4-bench/artifacts/runs/20260218_204624-sol-8fixtures-x2-tracy-perf-nocktrace-v0sym-legacy/runs/pass1/native/master/h51000f/perf-report.txt	/shared/nockchain-ext4-bench/artifacts/runs/20260218_204624-sol-8fixtures-x2-tracy-perf-nocktrace-v0sym-legacy/runs/pass1/native/master/h51000f/perf.folded	/shared/nockchain-ext4-bench/artifacts/runs/20260218_204624-sol-8fixtures-x2-tracy-perf-nocktrace-v0sym-legacy/runs/pass1/native/master/h51000f/perf.data	/shared/nockchain-ext4-bench/artifacts/runs/20260218_204624-sol-8fixtures-x2-tracy-perf-nocktrace-v0sym-legacy/runs/pass1/native/master/h51000f/trace.tracy	/shared/nockchain-ext4-bench/artifacts/runs/20260218_204624-sol-8fixtures-x2-tracy-perf-nocktrace-v0sym-legacy/runs/pass1/native/master/h51000f/trace-capture.log	0	0	0	0
1	native	bump PMA	v0d	100	0	3.60	1.48	14.77	67.72	0	0	0	0	0	0	0	0	0	0	0	0	0	0:05.62	1557584	0	/shared/nockchain-ext4-bench/artifacts/runs/20260218_204624-sol-8fixtures-x2-tracy-perf-nocktrace-v0sym-legacy/runs/pass1/native/streaming/v0d/profile.json	/shared/nockchain-ext4-bench/artifacts/runs/20260218_204624-sol-8fixtures-x2-tracy-perf-nocktrace-v0sym-legacy/runs/pass1/native/streaming/v0d/bench.log	/shared/nockchain-ext4-bench/artifacts/runs/20260218_204624-sol-8fixtures-x2-tracy-perf-nocktrace-v0sym-legacy/runs/pass1/native/streaming/v0d/time.txt	1674	366	/shared/nockchain-ext4-bench/artifacts/runs/20260218_204624-sol-8fixtures-x2-tracy-perf-nocktrace-v0sym-legacy/runs/pass1/native/streaming/v0d/perf-summary.json	/shared/nockchain-ext4-bench/artifacts/runs/20260218_204624-sol-8fixtures-x2-tracy-perf-nocktrace-v0sym-legacy/runs/pass1/native/streaming/v0d/perf-flamegraph.svg	/shared/nockchain-ext4-bench/artifacts/runs/20260218_204624-sol-8fixtures-x2-tracy-perf-nocktrace-v0sym-legacy/runs/pass1/native/streaming/v0d/perf-report.txt	/shared/nockchain-ext4-bench/artifacts/runs/20260218_204624-sol-8fixtures-x2-tracy-perf-nocktrace-v0sym-legacy/runs/pass1/native/streaming/v0d/perf.folded	/shared/nockchain-ext4-bench/artifacts/runs/20260218_204624-sol-8fixtures-x2-tracy-perf-nocktrace-v0sym-legacy/runs/pass1/native/streaming/v0d/perf.data	/shared/nockchain-ext4-bench/artifacts/runs/20260218_204624-sol-8fixtures-x2-tracy-perf-nocktrace-v0sym-legacy/runs/pass1/native/streaming/v0d/trace.tracy	/shared/nockchain-ext4-bench/artifacts/runs/20260218_204624-sol-8fixtures-x2-tracy-perf-nocktrace-v0sym-legacy/runs/pass1/native/streaming/v0d/trace-capture.log	7371234	3	5.14	0
1	native	bump PMA	v0f	100	0	230.88	4.00	39.97	25.02	0	0	0	0	0	0	0	0	0	0	0	0	0	4:14.61	27381400	0	/shared/nockchain-ext4-bench/artifacts/runs/20260218_204624-sol-8fixtures-x2-tracy-perf-nocktrace-v0sym-legacy/runs/pass1/native/streaming/v0f/profile.json	/shared/nockchain-ext4-bench/artifacts/runs/20260218_204624-sol-8fixtures-x2-tracy-perf-nocktrace-v0sym-legacy/runs/pass1/native/streaming/v0f/bench.log	/shared/nockchain-ext4-bench/artifacts/runs/20260218_204624-sol-8fixtures-x2-tracy-perf-nocktrace-v0sym-legacy/runs/pass1/native/streaming/v0f/time.txt	48323	2297	/shared/nockchain-ext4-bench/artifacts/runs/20260218_204624-sol-8fixtures-x2-tracy-perf-nocktrace-v0sym-legacy/runs/pass1/native/streaming/v0f/perf-summary.json	/shared/nockchain-ext4-bench/artifacts/runs/20260218_204624-sol-8fixtures-x2-tracy-perf-nocktrace-v0sym-legacy/runs/pass1/native/streaming/v0f/perf-flamegraph.svg	/shared/nockchain-ext4-bench/artifacts/runs/20260218_204624-sol-8fixtures-x2-tracy-perf-nocktrace-v0sym-legacy/runs/pass1/native/streaming/v0f/perf-report.txt	/shared/nockchain-ext4-bench/artifacts/runs/20260218_204624-sol-8fixtures-x2-tracy-perf-nocktrace-v0sym-legacy/runs/pass1/native/streaming/v0f/perf.folded	/shared/nockchain-ext4-bench/artifacts/runs/20260218_204624-sol-8fixtures-x2-tracy-perf-nocktrace-v0sym-legacy/runs/pass1/native/streaming/v0f/perf.data	/shared/nockchain-ext4-bench/artifacts/runs/20260218_204624-sol-8fixtures-x2-tracy-perf-nocktrace-v0sym-legacy/runs/pass1/native/streaming/v0f/trace.tracy	/shared/nockchain-ext4-bench/artifacts/runs/20260218_204624-sol-8fixtures-x2-tracy-perf-nocktrace-v0sym-legacy/runs/pass1/native/streaming/v0f/trace-capture.log	0	0	0	0
1	native	bump PMA	v1d	100	0	3.94	1.46	14.55	68.72	0	0	0	0	0	0	0	0	0	0	0	0	0	0:06.05	1563572	0	/shared/nockchain-ext4-bench/artifacts/runs/20260218_204624-sol-8fixtures-x2-tracy-perf-nocktrace-v0sym-legacy/runs/pass1/native/streaming/v1d/profile.json	/shared/nockchain-ext4-bench/artifacts/runs/20260218_204624-sol-8fixtures-x2-tracy-perf-nocktrace-v0sym-legacy/runs/pass1/native/streaming/v1d/bench.log	/shared/nockchain-ext4-bench/artifacts/runs/20260218_204624-sol-8fixtures-x2-tracy-perf-nocktrace-v0sym-legacy/runs/pass1/native/streaming/v1d/time.txt	1664	388	/shared/nockchain-ext4-bench/artifacts/runs/20260218_204624-sol-8fixtures-x2-tracy-perf-nocktrace-v0sym-legacy/runs/pass1/native/streaming/v1d/perf-summary.json	/shared/nockchain-ext4-bench/artifacts/runs/20260218_204624-sol-8fixtures-x2-tracy-perf-nocktrace-v0sym-legacy/runs/pass1/native/streaming/v1d/perf-flamegraph.svg	/shared/nockchain-ext4-bench/artifacts/runs/20260218_204624-sol-8fixtures-x2-tracy-perf-nocktrace-v0sym-legacy/runs/pass1/native/streaming/v1d/perf-report.txt	/shared/nockchain-ext4-bench/artifacts/runs/20260218_204624-sol-8fixtures-x2-tracy-perf-nocktrace-v0sym-legacy/runs/pass1/native/streaming/v1d/perf.folded	/shared/nockchain-ext4-bench/artifacts/runs/20260218_204624-sol-8fixtures-x2-tracy-perf-nocktrace-v0sym-legacy/runs/pass1/native/streaming/v1d/perf.data	/shared/nockchain-ext4-bench/artifacts/runs/20260218_204624-sol-8fixtures-x2-tracy-perf-nocktrace-v0sym-legacy/runs/pass1/native/streaming/v1d/trace.tracy	/shared/nockchain-ext4-bench/artifacts/runs/20260218_204624-sol-8fixtures-x2-tracy-perf-nocktrace-v0sym-legacy/runs/pass1/native/streaming/v1d/trace-capture.log	7409855	3	5.56	0
1	native	bump PMA	v1f	100	0	230.73	3.96	39.61	25.25	0	0	0	0	0	0	0	0	0	0	0	0	0	4:19.30	27380692	0	/shared/nockchain-ext4-bench/artifacts/runs/20260218_204624-sol-8fixtures-x2-tracy-perf-nocktrace-v0sym-legacy/runs/pass1/native/streaming/v1f/profile.json	/shared/nockchain-ext4-bench/artifacts/runs/20260218_204624-sol-8fixtures-x2-tracy-perf-nocktrace-v0sym-legacy/runs/pass1/native/streaming/v1f/bench.log	/shared/nockchain-ext4-bench/artifacts/runs/20260218_204624-sol-8fixtures-x2-tracy-perf-nocktrace-v0sym-legacy/runs/pass1/native/streaming/v1f/time.txt	48355	2290	/shared/nockchain-ext4-bench/artifacts/runs/20260218_204624-sol-8fixtures-x2-tracy-perf-nocktrace-v0sym-legacy/runs/pass1/native/streaming/v1f/perf-summary.json	/shared/nockchain-ext4-bench/artifacts/runs/20260218_204624-sol-8fixtures-x2-tracy-perf-nocktrace-v0sym-legacy/runs/pass1/native/streaming/v1f/perf-flamegraph.svg	/shared/nockchain-ext4-bench/artifacts/runs/20260218_204624-sol-8fixtures-x2-tracy-perf-nocktrace-v0sym-legacy/runs/pass1/native/streaming/v1f/perf-report.txt	/shared/nockchain-ext4-bench/artifacts/runs/20260218_204624-sol-8fixtures-x2-tracy-perf-nocktrace-v0sym-legacy/runs/pass1/native/streaming/v1f/perf.folded	/shared/nockchain-ext4-bench/artifacts/runs/20260218_204624-sol-8fixtures-x2-tracy-perf-nocktrace-v0sym-legacy/runs/pass1/native/streaming/v1f/perf.data	/shared/nockchain-ext4-bench/artifacts/runs/20260218_204624-sol-8fixtures-x2-tracy-perf-nocktrace-v0sym-legacy/runs/pass1/native/streaming/v1f/trace.tracy	/shared/nockchain-ext4-bench/artifacts/runs/20260218_204624-sol-8fixtures-x2-tracy-perf-nocktrace-v0sym-legacy/runs/pass1/native/streaming/v1f/trace-capture.log	0	0	0	0
1	native	bump PMA	v2d	100	0	3.87	1.47	14.67	68.17	0	0	0	0	0	0	0	0	0	0	0	0	0	0:05.87	1560304	0	/shared/nockchain-ext4-bench/artifacts/runs/20260218_204624-sol-8fixtures-x2-tracy-perf-nocktrace-v0sym-legacy/runs/pass1/native/streaming/v2d/profile.json	/shared/nockchain-ext4-bench/artifacts/runs/20260218_204624-sol-8fixtures-x2-tracy-perf-nocktrace-v0sym-legacy/runs/pass1/native/streaming/v2d/bench.log	/shared/nockchain-ext4-bench/artifacts/runs/20260218_204624-sol-8fixtures-x2-tracy-perf-nocktrace-v0sym-legacy/runs/pass1/native/streaming/v2d/time.txt	1626	344	/shared/nockchain-ext4-bench/artifacts/runs/20260218_204624-sol-8fixtures-x2-tracy-perf-nocktrace-v0sym-legacy/runs/pass1/native/streaming/v2d/perf-summary.json	/shared/nockchain-ext4-bench/artifacts/runs/20260218_204624-sol-8fixtures-x2-tracy-perf-nocktrace-v0sym-legacy/runs/pass1/native/streaming/v2d/perf-flamegraph.svg	/shared/nockchain-ext4-bench/artifacts/runs/20260218_204624-sol-8fixtures-x2-tracy-perf-nocktrace-v0sym-legacy/runs/pass1/native/streaming/v2d/perf-report.txt	/shared/nockchain-ext4-bench/artifacts/runs/20260218_204624-sol-8fixtures-x2-tracy-perf-nocktrace-v0sym-legacy/runs/pass1/native/streaming/v2d/perf.folded	/shared/nockchain-ext4-bench/artifacts/runs/20260218_204624-sol-8fixtures-x2-tracy-perf-nocktrace-v0sym-legacy/runs/pass1/native/streaming/v2d/perf.data	/shared/nockchain-ext4-bench/artifacts/runs/20260218_204624-sol-8fixtures-x2-tracy-perf-nocktrace-v0sym-legacy/runs/pass1/native/streaming/v2d/trace.tracy	/shared/nockchain-ext4-bench/artifacts/runs/20260218_204624-sol-8fixtures-x2-tracy-perf-nocktrace-v0sym-legacy/runs/pass1/native/streaming/v2d/trace-capture.log	7237607	3	5.44	0
1	native	bump PMA	v2f	100	0	230.81	3.95	39.51	25.31	0	0	0	0	0	0	0	0	0	0	0	0	0	4:14.13	27379248	0	/shared/nockchain-ext4-bench/artifacts/runs/20260218_204624-sol-8fixtures-x2-tracy-perf-nocktrace-v0sym-legacy/runs/pass1/native/streaming/v2f/profile.json	/shared/nockchain-ext4-bench/artifacts/runs/20260218_204624-sol-8fixtures-x2-tracy-perf-nocktrace-v0sym-legacy/runs/pass1/native/streaming/v2f/bench.log	/shared/nockchain-ext4-bench/artifacts/runs/20260218_204624-sol-8fixtures-x2-tracy-perf-nocktrace-v0sym-legacy/runs/pass1/native/streaming/v2f/time.txt	48450	2325	/shared/nockchain-ext4-bench/artifacts/runs/20260218_204624-sol-8fixtures-x2-tracy-perf-nocktrace-v0sym-legacy/runs/pass1/native/streaming/v2f/perf-summary.json	/shared/nockchain-ext4-bench/artifacts/runs/20260218_204624-sol-8fixtures-x2-tracy-perf-nocktrace-v0sym-legacy/runs/pass1/native/streaming/v2f/perf-flamegraph.svg	/shared/nockchain-ext4-bench/artifacts/runs/20260218_204624-sol-8fixtures-x2-tracy-perf-nocktrace-v0sym-legacy/runs/pass1/native/streaming/v2f/perf-report.txt	/shared/nockchain-ext4-bench/artifacts/runs/20260218_204624-sol-8fixtures-x2-tracy-perf-nocktrace-v0sym-legacy/runs/pass1/native/streaming/v2f/perf.folded	/shared/nockchain-ext4-bench/artifacts/runs/20260218_204624-sol-8fixtures-x2-tracy-perf-nocktrace-v0sym-legacy/runs/pass1/native/streaming/v2f/perf.data	/shared/nockchain-ext4-bench/artifacts/runs/20260218_204624-sol-8fixtures-x2-tracy-perf-nocktrace-v0sym-legacy/runs/pass1/native/streaming/v2f/trace.tracy	/shared/nockchain-ext4-bench/artifacts/runs/20260218_204624-sol-8fixtures-x2-tracy-perf-nocktrace-v0sym-legacy/runs/pass1/native/streaming/v2f/trace-capture.log	0	0	0	0
1	native	bump PMA	h51000d	101	0	3.83	1.50	14.82	67.47	0	0	0	0	0	0	0	0	0	0	0	0	0	0:05.90	1559328	0	/shared/nockchain-ext4-bench/artifacts/runs/20260218_204624-sol-8fixtures-x2-tracy-perf-nocktrace-v0sym-legacy/runs/pass1/native/streaming/h51000d/profile.json	/shared/nockchain-ext4-bench/artifacts/runs/20260218_204624-sol-8fixtures-x2-tracy-perf-nocktrace-v0sym-legacy/runs/pass1/native/streaming/h51000d/bench.log	/shared/nockchain-ext4-bench/artifacts/runs/20260218_204624-sol-8fixtures-x2-tracy-perf-nocktrace-v0sym-legacy/runs/pass1/native/streaming/h51000d/time.txt	1743	371	/shared/nockchain-ext4-bench/artifacts/runs/20260218_204624-sol-8fixtures-x2-tracy-perf-nocktrace-v0sym-legacy/runs/pass1/native/streaming/h51000d/perf-summary.json	/shared/nockchain-ext4-bench/artifacts/runs/20260218_204624-sol-8fixtures-x2-tracy-perf-nocktrace-v0sym-legacy/runs/pass1/native/streaming/h51000d/perf-flamegraph.svg	/shared/nockchain-ext4-bench/artifacts/runs/20260218_204624-sol-8fixtures-x2-tracy-perf-nocktrace-v0sym-legacy/runs/pass1/native/streaming/h51000d/perf-report.txt	/shared/nockchain-ext4-bench/artifacts/runs/20260218_204624-sol-8fixtures-x2-tracy-perf-nocktrace-v0sym-legacy/runs/pass1/native/streaming/h51000d/perf.folded	/shared/nockchain-ext4-bench/artifacts/runs/20260218_204624-sol-8fixtures-x2-tracy-perf-nocktrace-v0sym-legacy/runs/pass1/native/streaming/h51000d/perf.data	/shared/nockchain-ext4-bench/artifacts/runs/20260218_204624-sol-8fixtures-x2-tracy-perf-nocktrace-v0sym-legacy/runs/pass1/native/streaming/h51000d/trace.tracy	/shared/nockchain-ext4-bench/artifacts/runs/20260218_204624-sol-8fixtures-x2-tracy-perf-nocktrace-v0sym-legacy/runs/pass1/native/streaming/h51000d/trace-capture.log	7188577	3	5.45	0
1	native	bump PMA	h51000f	101	0	230.51	4.04	40.02	24.99	0	0	0	0	0	0	0	0	0	0	0	0	0	4:21.29	27404572	0	/shared/nockchain-ext4-bench/artifacts/runs/20260218_204624-sol-8fixtures-x2-tracy-perf-nocktrace-v0sym-legacy/runs/pass1/native/streaming/h51000f/profile.json	/shared/nockchain-ext4-bench/artifacts/runs/20260218_204624-sol-8fixtures-x2-tracy-perf-nocktrace-v0sym-legacy/runs/pass1/native/streaming/h51000f/bench.log	/shared/nockchain-ext4-bench/artifacts/runs/20260218_204624-sol-8fixtures-x2-tracy-perf-nocktrace-v0sym-legacy/runs/pass1/native/streaming/h51000f/time.txt	48182	2081	/shared/nockchain-ext4-bench/artifacts/runs/20260218_204624-sol-8fixtures-x2-tracy-perf-nocktrace-v0sym-legacy/runs/pass1/native/streaming/h51000f/perf-summary.json	/shared/nockchain-ext4-bench/artifacts/runs/20260218_204624-sol-8fixtures-x2-tracy-perf-nocktrace-v0sym-legacy/runs/pass1/native/streaming/h51000f/perf-flamegraph.svg	/shared/nockchain-ext4-bench/artifacts/runs/20260218_204624-sol-8fixtures-x2-tracy-perf-nocktrace-v0sym-legacy/runs/pass1/native/streaming/h51000f/perf-report.txt	/shared/nockchain-ext4-bench/artifacts/runs/20260218_204624-sol-8fixtures-x2-tracy-perf-nocktrace-v0sym-legacy/runs/pass1/native/streaming/h51000f/perf.folded	/shared/nockchain-ext4-bench/artifacts/runs/20260218_204624-sol-8fixtures-x2-tracy-perf-nocktrace-v0sym-legacy/runs/pass1/native/streaming/h51000f/perf.data	/shared/nockchain-ext4-bench/artifacts/runs/20260218_204624-sol-8fixtures-x2-tracy-perf-nocktrace-v0sym-legacy/runs/pass1/native/streaming/h51000f/trace.tracy	/shared/nockchain-ext4-bench/artifacts/runs/20260218_204624-sol-8fixtures-x2-tracy-perf-nocktrace-v0sym-legacy/runs/pass1/native/streaming/h51000f/trace-capture.log	0	0	0	0
1	native	btree	v0d	100	0	3.65	1.52	15.22	65.70	0	0	0	0	0	0	0	0	0	0	0	0	0	0:05.73	1688248	0	/shared/nockchain-ext4-bench/artifacts/runs/20260218_204624-sol-8fixtures-x2-tracy-perf-nocktrace-v0sym-legacy/runs/pass1/native/btree/v0d/profile.json	/shared/nockchain-ext4-bench/artifacts/runs/20260218_204624-sol-8fixtures-x2-tracy-perf-nocktrace-v0sym-legacy/runs/pass1/native/btree/v0d/bench.log	/shared/nockchain-ext4-bench/artifacts/runs/20260218_204624-sol-8fixtures-x2-tracy-perf-nocktrace-v0sym-legacy/runs/pass1/native/btree/v0d/time.txt	1739	363	/shared/nockchain-ext4-bench/artifacts/runs/20260218_204624-sol-8fixtures-x2-tracy-perf-nocktrace-v0sym-legacy/runs/pass1/native/btree/v0d/perf-summary.json	/shared/nockchain-ext4-bench/artifacts/runs/20260218_204624-sol-8fixtures-x2-tracy-perf-nocktrace-v0sym-legacy/runs/pass1/native/btree/v0d/perf-flamegraph.svg	/shared/nockchain-ext4-bench/artifacts/runs/20260218_204624-sol-8fixtures-x2-tracy-perf-nocktrace-v0sym-legacy/runs/pass1/native/btree/v0d/perf-report.txt	/shared/nockchain-ext4-bench/artifacts/runs/20260218_204624-sol-8fixtures-x2-tracy-perf-nocktrace-v0sym-legacy/runs/pass1/native/btree/v0d/perf.folded	/shared/nockchain-ext4-bench/artifacts/runs/20260218_204624-sol-8fixtures-x2-tracy-perf-nocktrace-v0sym-legacy/runs/pass1/native/btree/v0d/perf.data	/shared/nockchain-ext4-bench/artifacts/runs/20260218_204624-sol-8fixtures-x2-tracy-perf-nocktrace-v0sym-legacy/runs/pass1/native/btree/v0d/trace.tracy	/shared/nockchain-ext4-bench/artifacts/runs/20260218_204624-sol-8fixtures-x2-tracy-perf-nocktrace-v0sym-legacy/runs/pass1/native/btree/v0d/trace-capture.log	7361432	3	5.25	0
1	native	btree	v0f	100	0	228.96	4.05	40.55	24.66	0	0	0	0	0	0	0	0	0	0	0	0	0	4:11.83	27374508	0	/shared/nockchain-ext4-bench/artifacts/runs/20260218_204624-sol-8fixtures-x2-tracy-perf-nocktrace-v0sym-legacy/runs/pass1/native/btree/v0f/profile.json	/shared/nockchain-ext4-bench/artifacts/runs/20260218_204624-sol-8fixtures-x2-tracy-perf-nocktrace-v0sym-legacy/runs/pass1/native/btree/v0f/bench.log	/shared/nockchain-ext4-bench/artifacts/runs/20260218_204624-sol-8fixtures-x2-tracy-perf-nocktrace-v0sym-legacy/runs/pass1/native/btree/v0f/time.txt	48206	2466	/shared/nockchain-ext4-bench/artifacts/runs/20260218_204624-sol-8fixtures-x2-tracy-perf-nocktrace-v0sym-legacy/runs/pass1/native/btree/v0f/perf-summary.json	/shared/nockchain-ext4-bench/artifacts/runs/20260218_204624-sol-8fixtures-x2-tracy-perf-nocktrace-v0sym-legacy/runs/pass1/native/btree/v0f/perf-flamegraph.svg	/shared/nockchain-ext4-bench/artifacts/runs/20260218_204624-sol-8fixtures-x2-tracy-perf-nocktrace-v0sym-legacy/runs/pass1/native/btree/v0f/perf-report.txt	/shared/nockchain-ext4-bench/artifacts/runs/20260218_204624-sol-8fixtures-x2-tracy-perf-nocktrace-v0sym-legacy/runs/pass1/native/btree/v0f/perf.folded	/shared/nockchain-ext4-bench/artifacts/runs/20260218_204624-sol-8fixtures-x2-tracy-perf-nocktrace-v0sym-legacy/runs/pass1/native/btree/v0f/perf.data	/shared/nockchain-ext4-bench/artifacts/runs/20260218_204624-sol-8fixtures-x2-tracy-perf-nocktrace-v0sym-legacy/runs/pass1/native/btree/v0f/trace.tracy	/shared/nockchain-ext4-bench/artifacts/runs/20260218_204624-sol-8fixtures-x2-tracy-perf-nocktrace-v0sym-legacy/runs/pass1/native/btree/v0f/trace-capture.log	0	0	0	0
1	native	btree	v1d	100	0	3.96	1.55	15.53	64.38	0	0	0	0	0	0	0	0	0	0	0	0	0	0:06.08	1688436	0	/shared/nockchain-ext4-bench/artifacts/runs/20260218_204624-sol-8fixtures-x2-tracy-perf-nocktrace-v0sym-legacy/runs/pass1/native/btree/v1d/profile.json	/shared/nockchain-ext4-bench/artifacts/runs/20260218_204624-sol-8fixtures-x2-tracy-perf-nocktrace-v0sym-legacy/runs/pass1/native/btree/v1d/bench.log	/shared/nockchain-ext4-bench/artifacts/runs/20260218_204624-sol-8fixtures-x2-tracy-perf-nocktrace-v0sym-legacy/runs/pass1/native/btree/v1d/time.txt	1750	353	/shared/nockchain-ext4-bench/artifacts/runs/20260218_204624-sol-8fixtures-x2-tracy-perf-nocktrace-v0sym-legacy/runs/pass1/native/btree/v1d/perf-summary.json	/shared/nockchain-ext4-bench/artifacts/runs/20260218_204624-sol-8fixtures-x2-tracy-perf-nocktrace-v0sym-legacy/runs/pass1/native/btree/v1d/perf-flamegraph.svg	/shared/nockchain-ext4-bench/artifacts/runs/20260218_204624-sol-8fixtures-x2-tracy-perf-nocktrace-v0sym-legacy/runs/pass1/native/btree/v1d/perf-report.txt	/shared/nockchain-ext4-bench/artifacts/runs/20260218_204624-sol-8fixtures-x2-tracy-perf-nocktrace-v0sym-legacy/runs/pass1/native/btree/v1d/perf.folded	/shared/nockchain-ext4-bench/artifacts/runs/20260218_204624-sol-8fixtures-x2-tracy-perf-nocktrace-v0sym-legacy/runs/pass1/native/btree/v1d/perf.data	/shared/nockchain-ext4-bench/artifacts/runs/20260218_204624-sol-8fixtures-x2-tracy-perf-nocktrace-v0sym-legacy/runs/pass1/native/btree/v1d/trace.tracy	/shared/nockchain-ext4-bench/artifacts/runs/20260218_204624-sol-8fixtures-x2-tracy-perf-nocktrace-v0sym-legacy/runs/pass1/native/btree/v1d/trace-capture.log	7074156	3	5.67	0
1	native	btree	v1f	100	0	229.03	4.13	41.29	24.22	0	0	0	0	0	0	0	0	0	0	0	0	0	4:12.42	27375120	0	/shared/nockchain-ext4-bench/artifacts/runs/20260218_204624-sol-8fixtures-x2-tracy-perf-nocktrace-v0sym-legacy/runs/pass1/native/btree/v1f/profile.json	/shared/nockchain-ext4-bench/artifacts/runs/20260218_204624-sol-8fixtures-x2-tracy-perf-nocktrace-v0sym-legacy/runs/pass1/native/btree/v1f/bench.log	/shared/nockchain-ext4-bench/artifacts/runs/20260218_204624-sol-8fixtures-x2-tracy-perf-nocktrace-v0sym-legacy/runs/pass1/native/btree/v1f/time.txt	48133	2482	/shared/nockchain-ext4-bench/artifacts/runs/20260218_204624-sol-8fixtures-x2-tracy-perf-nocktrace-v0sym-legacy/runs/pass1/native/btree/v1f/perf-summary.json	/shared/nockchain-ext4-bench/artifacts/runs/20260218_204624-sol-8fixtures-x2-tracy-perf-nocktrace-v0sym-legacy/runs/pass1/native/btree/v1f/perf-flamegraph.svg	/shared/nockchain-ext4-bench/artifacts/runs/20260218_204624-sol-8fixtures-x2-tracy-perf-nocktrace-v0sym-legacy/runs/pass1/native/btree/v1f/perf-report.txt	/shared/nockchain-ext4-bench/artifacts/runs/20260218_204624-sol-8fixtures-x2-tracy-perf-nocktrace-v0sym-legacy/runs/pass1/native/btree/v1f/perf.folded	/shared/nockchain-ext4-bench/artifacts/runs/20260218_204624-sol-8fixtures-x2-tracy-perf-nocktrace-v0sym-legacy/runs/pass1/native/btree/v1f/perf.data	/shared/nockchain-ext4-bench/artifacts/runs/20260218_204624-sol-8fixtures-x2-tracy-perf-nocktrace-v0sym-legacy/runs/pass1/native/btree/v1f/trace.tracy	/shared/nockchain-ext4-bench/artifacts/runs/20260218_204624-sol-8fixtures-x2-tracy-perf-nocktrace-v0sym-legacy/runs/pass1/native/btree/v1f/trace-capture.log	0	0	0	0
1	native	btree	v2d	100	0	4.01	1.55	15.51	64.47	0	0	0	0	0	0	0	0	0	0	0	0	0	0:06.12	1691476	0	/shared/nockchain-ext4-bench/artifacts/runs/20260218_204624-sol-8fixtures-x2-tracy-perf-nocktrace-v0sym-legacy/runs/pass1/native/btree/v2d/profile.json	/shared/nockchain-ext4-bench/artifacts/runs/20260218_204624-sol-8fixtures-x2-tracy-perf-nocktrace-v0sym-legacy/runs/pass1/native/btree/v2d/bench.log	/shared/nockchain-ext4-bench/artifacts/runs/20260218_204624-sol-8fixtures-x2-tracy-perf-nocktrace-v0sym-legacy/runs/pass1/native/btree/v2d/time.txt	1655	337	/shared/nockchain-ext4-bench/artifacts/runs/20260218_204624-sol-8fixtures-x2-tracy-perf-nocktrace-v0sym-legacy/runs/pass1/native/btree/v2d/perf-summary.json	/shared/nockchain-ext4-bench/artifacts/runs/20260218_204624-sol-8fixtures-x2-tracy-perf-nocktrace-v0sym-legacy/runs/pass1/native/btree/v2d/perf-flamegraph.svg	/shared/nockchain-ext4-bench/artifacts/runs/20260218_204624-sol-8fixtures-x2-tracy-perf-nocktrace-v0sym-legacy/runs/pass1/native/btree/v2d/perf-report.txt	/shared/nockchain-ext4-bench/artifacts/runs/20260218_204624-sol-8fixtures-x2-tracy-perf-nocktrace-v0sym-legacy/runs/pass1/native/btree/v2d/perf.folded	/shared/nockchain-ext4-bench/artifacts/runs/20260218_204624-sol-8fixtures-x2-tracy-perf-nocktrace-v0sym-legacy/runs/pass1/native/btree/v2d/perf.data	/shared/nockchain-ext4-bench/artifacts/runs/20260218_204624-sol-8fixtures-x2-tracy-perf-nocktrace-v0sym-legacy/runs/pass1/native/btree/v2d/trace.tracy	/shared/nockchain-ext4-bench/artifacts/runs/20260218_204624-sol-8fixtures-x2-tracy-perf-nocktrace-v0sym-legacy/runs/pass1/native/btree/v2d/trace-capture.log	7243662	3	5.67	0
1	native	btree	v2f	100	0	228.88	4.10	41.02	24.38	0	0	0	0	0	0	0	0	0	0	0	0	0	4:11.96	27374456	0	/shared/nockchain-ext4-bench/artifacts/runs/20260218_204624-sol-8fixtures-x2-tracy-perf-nocktrace-v0sym-legacy/runs/pass1/native/btree/v2f/profile.json	/shared/nockchain-ext4-bench/artifacts/runs/20260218_204624-sol-8fixtures-x2-tracy-perf-nocktrace-v0sym-legacy/runs/pass1/native/btree/v2f/bench.log	/shared/nockchain-ext4-bench/artifacts/runs/20260218_204624-sol-8fixtures-x2-tracy-perf-nocktrace-v0sym-legacy/runs/pass1/native/btree/v2f/time.txt	48145	2449	/shared/nockchain-ext4-bench/artifacts/runs/20260218_204624-sol-8fixtures-x2-tracy-perf-nocktrace-v0sym-legacy/runs/pass1/native/btree/v2f/perf-summary.json	/shared/nockchain-ext4-bench/artifacts/runs/20260218_204624-sol-8fixtures-x2-tracy-perf-nocktrace-v0sym-legacy/runs/pass1/native/btree/v2f/perf-flamegraph.svg	/shared/nockchain-ext4-bench/artifacts/runs/20260218_204624-sol-8fixtures-x2-tracy-perf-nocktrace-v0sym-legacy/runs/pass1/native/btree/v2f/perf-report.txt	/shared/nockchain-ext4-bench/artifacts/runs/20260218_204624-sol-8fixtures-x2-tracy-perf-nocktrace-v0sym-legacy/runs/pass1/native/btree/v2f/perf.folded	/shared/nockchain-ext4-bench/artifacts/runs/20260218_204624-sol-8fixtures-x2-tracy-perf-nocktrace-v0sym-legacy/runs/pass1/native/btree/v2f/perf.data	/shared/nockchain-ext4-bench/artifacts/runs/20260218_204624-sol-8fixtures-x2-tracy-perf-nocktrace-v0sym-legacy/runs/pass1/native/btree/v2f/trace.tracy	/shared/nockchain-ext4-bench/artifacts/runs/20260218_204624-sol-8fixtures-x2-tracy-perf-nocktrace-v0sym-legacy/runs/pass1/native/btree/v2f/trace-capture.log	0	0	0	0
1	native	btree	h51000d	101	0	3.99	1.55	15.38	65.02	0	0	0	0	0	0	0	0	0	0	0	0	0	0:06.12	1689924	0	/shared/nockchain-ext4-bench/artifacts/runs/20260218_204624-sol-8fixtures-x2-tracy-perf-nocktrace-v0sym-legacy/runs/pass1/native/btree/h51000d/profile.json	/shared/nockchain-ext4-bench/artifacts/runs/20260218_204624-sol-8fixtures-x2-tracy-perf-nocktrace-v0sym-legacy/runs/pass1/native/btree/h51000d/bench.log	/shared/nockchain-ext4-bench/artifacts/runs/20260218_204624-sol-8fixtures-x2-tracy-perf-nocktrace-v0sym-legacy/runs/pass1/native/btree/h51000d/time.txt	1650	324	/shared/nockchain-ext4-bench/artifacts/runs/20260218_204624-sol-8fixtures-x2-tracy-perf-nocktrace-v0sym-legacy/runs/pass1/native/btree/h51000d/perf-summary.json	/shared/nockchain-ext4-bench/artifacts/runs/20260218_204624-sol-8fixtures-x2-tracy-perf-nocktrace-v0sym-legacy/runs/pass1/native/btree/h51000d/perf-flamegraph.svg	/shared/nockchain-ext4-bench/artifacts/runs/20260218_204624-sol-8fixtures-x2-tracy-perf-nocktrace-v0sym-legacy/runs/pass1/native/btree/h51000d/perf-report.txt	/shared/nockchain-ext4-bench/artifacts/runs/20260218_204624-sol-8fixtures-x2-tracy-perf-nocktrace-v0sym-legacy/runs/pass1/native/btree/h51000d/perf.folded	/shared/nockchain-ext4-bench/artifacts/runs/20260218_204624-sol-8fixtures-x2-tracy-perf-nocktrace-v0sym-legacy/runs/pass1/native/btree/h51000d/perf.data	/shared/nockchain-ext4-bench/artifacts/runs/20260218_204624-sol-8fixtures-x2-tracy-perf-nocktrace-v0sym-legacy/runs/pass1/native/btree/h51000d/trace.tracy	/shared/nockchain-ext4-bench/artifacts/runs/20260218_204624-sol-8fixtures-x2-tracy-perf-nocktrace-v0sym-legacy/runs/pass1/native/btree/h51000d/trace-capture.log	7247250	3	5.66	0
1	native	btree	h51000f	101	0	228.55	4.09	40.46	24.71	0	0	0	0	0	0	0	0	0	0	0	0	0	4:09.89	27401420	0	/shared/nockchain-ext4-bench/artifacts/runs/20260218_204624-sol-8fixtures-x2-tracy-perf-nocktrace-v0sym-legacy/runs/pass1/native/btree/h51000f/profile.json	/shared/nockchain-ext4-bench/artifacts/runs/20260218_204624-sol-8fixtures-x2-tracy-perf-nocktrace-v0sym-legacy/runs/pass1/native/btree/h51000f/bench.log	/shared/nockchain-ext4-bench/artifacts/runs/20260218_204624-sol-8fixtures-x2-tracy-perf-nocktrace-v0sym-legacy/runs/pass1/native/btree/h51000f/time.txt	47903	2213	/shared/nockchain-ext4-bench/artifacts/runs/20260218_204624-sol-8fixtures-x2-tracy-perf-nocktrace-v0sym-legacy/runs/pass1/native/btree/h51000f/perf-summary.json	/shared/nockchain-ext4-bench/artifacts/runs/20260218_204624-sol-8fixtures-x2-tracy-perf-nocktrace-v0sym-legacy/runs/pass1/native/btree/h51000f/perf-flamegraph.svg	/shared/nockchain-ext4-bench/artifacts/runs/20260218_204624-sol-8fixtures-x2-tracy-perf-nocktrace-v0sym-legacy/runs/pass1/native/btree/h51000f/perf-report.txt	/shared/nockchain-ext4-bench/artifacts/runs/20260218_204624-sol-8fixtures-x2-tracy-perf-nocktrace-v0sym-legacy/runs/pass1/native/btree/h51000f/perf.folded	/shared/nockchain-ext4-bench/artifacts/runs/20260218_204624-sol-8fixtures-x2-tracy-perf-nocktrace-v0sym-legacy/runs/pass1/native/btree/h51000f/perf.data	/shared/nockchain-ext4-bench/artifacts/runs/20260218_204624-sol-8fixtures-x2-tracy-perf-nocktrace-v0sym-legacy/runs/pass1/native/btree/h51000f/trace.tracy	/shared/nockchain-ext4-bench/artifacts/runs/20260218_204624-sol-8fixtures-x2-tracy-perf-nocktrace-v0sym-legacy/runs/pass1/native/btree/h51000f/trace-capture.log	0	0	0	0
1	docker	master	v0d	100	0	2.60	3.90	38.98	25.65	0	0	0	0	0	0	0	0	0	0	0	0	0	0:07.18	27884	0	/shared/nockchain-ext4-bench/artifacts/runs/20260218_204624-sol-8fixtures-x2-tracy-perf-nocktrace-v0sym-legacy/runs/pass1/docker/master/v0d/profile.json	/shared/nockchain-ext4-bench/artifacts/runs/20260218_204624-sol-8fixtures-x2-tracy-perf-nocktrace-v0sym-legacy/runs/pass1/docker/master/v0d/bench.log	/shared/nockchain-ext4-bench/artifacts/runs/20260218_204624-sol-8fixtures-x2-tracy-perf-nocktrace-v0sym-legacy/runs/pass1/docker/master/v0d/time.txt	1604	663	/shared/nockchain-ext4-bench/artifacts/runs/20260218_204624-sol-8fixtures-x2-tracy-perf-nocktrace-v0sym-legacy/runs/pass1/docker/master/v0d/perf-summary.json	/shared/nockchain-ext4-bench/artifacts/runs/20260218_204624-sol-8fixtures-x2-tracy-perf-nocktrace-v0sym-legacy/runs/pass1/docker/master/v0d/perf-flamegraph.svg	/shared/nockchain-ext4-bench/artifacts/runs/20260218_204624-sol-8fixtures-x2-tracy-perf-nocktrace-v0sym-legacy/runs/pass1/docker/master/v0d/perf-report.txt	/shared/nockchain-ext4-bench/artifacts/runs/20260218_204624-sol-8fixtures-x2-tracy-perf-nocktrace-v0sym-legacy/runs/pass1/docker/master/v0d/perf.folded	/shared/nockchain-ext4-bench/artifacts/runs/20260218_204624-sol-8fixtures-x2-tracy-perf-nocktrace-v0sym-legacy/runs/pass1/docker/master/v0d/perf.data	/shared/nockchain-ext4-bench/artifacts/runs/20260218_204624-sol-8fixtures-x2-tracy-perf-nocktrace-v0sym-legacy/runs/pass1/docker/master/v0d/trace.tracy	/shared/nockchain-ext4-bench/artifacts/runs/20260218_204624-sol-8fixtures-x2-tracy-perf-nocktrace-v0sym-legacy/runs/pass1/docker/master/v0d/trace-capture.log	836	3	6.56	0
1	docker	master	v0f								0	0	0	0	0	0	0	0	0	0	0	0	0:21.49	27396	137	/shared/nockchain-ext4-bench/artifacts/runs/20260218_204624-sol-8fixtures-x2-tracy-perf-nocktrace-v0sym-legacy/runs/pass1/docker/master/v0f/profile.json	/shared/nockchain-ext4-bench/artifacts/runs/20260218_204624-sol-8fixtures-x2-tracy-perf-nocktrace-v0sym-legacy/runs/pass1/docker/master/v0f/bench.log	/shared/nockchain-ext4-bench/artifacts/runs/20260218_204624-sol-8fixtures-x2-tracy-perf-nocktrace-v0sym-legacy/runs/pass1/docker/master/v0f/time.txt	1965	110	/shared/nockchain-ext4-bench/artifacts/runs/20260218_204624-sol-8fixtures-x2-tracy-perf-nocktrace-v0sym-legacy/runs/pass1/docker/master/v0f/perf-summary.json	/shared/nockchain-ext4-bench/artifacts/runs/20260218_204624-sol-8fixtures-x2-tracy-perf-nocktrace-v0sym-legacy/runs/pass1/docker/master/v0f/perf-flamegraph.svg	/shared/nockchain-ext4-bench/artifacts/runs/20260218_204624-sol-8fixtures-x2-tracy-perf-nocktrace-v0sym-legacy/runs/pass1/docker/master/v0f/perf-report.txt	/shared/nockchain-ext4-bench/artifacts/runs/20260218_204624-sol-8fixtures-x2-tracy-perf-nocktrace-v0sym-legacy/runs/pass1/docker/master/v0f/perf.folded	/shared/nockchain-ext4-bench/artifacts/runs/20260218_204624-sol-8fixtures-x2-tracy-perf-nocktrace-v0sym-legacy/runs/pass1/docker/master/v0f/perf.data	/shared/nockchain-ext4-bench/artifacts/runs/20260218_204624-sol-8fixtures-x2-tracy-perf-nocktrace-v0sym-legacy/runs/pass1/docker/master/v0f/trace.tracy	/shared/nockchain-ext4-bench/artifacts/runs/20260218_204624-sol-8fixtures-x2-tracy-perf-nocktrace-v0sym-legacy/runs/pass1/docker/master/v0f/trace-capture.log	1706	3	20.31	0
1	docker	master	v1d	100	0	2.47	3.63	36.32	27.54	0	0	0	0	0	0	0	0	0	0	0	0	0	0:06.88	28992	0	/shared/nockchain-ext4-bench/artifacts/runs/20260218_204624-sol-8fixtures-x2-tracy-perf-nocktrace-v0sym-legacy/runs/pass1/docker/master/v1d/profile.json	/shared/nockchain-ext4-bench/artifacts/runs/20260218_204624-sol-8fixtures-x2-tracy-perf-nocktrace-v0sym-legacy/runs/pass1/docker/master/v1d/bench.log	/shared/nockchain-ext4-bench/artifacts/runs/20260218_204624-sol-8fixtures-x2-tracy-perf-nocktrace-v0sym-legacy/runs/pass1/docker/master/v1d/time.txt	1556	636	/shared/nockchain-ext4-bench/artifacts/runs/20260218_204624-sol-8fixtures-x2-tracy-perf-nocktrace-v0sym-legacy/runs/pass1/docker/master/v1d/perf-summary.json	/shared/nockchain-ext4-bench/artifacts/runs/20260218_204624-sol-8fixtures-x2-tracy-perf-nocktrace-v0sym-legacy/runs/pass1/docker/master/v1d/perf-flamegraph.svg	/shared/nockchain-ext4-bench/artifacts/runs/20260218_204624-sol-8fixtures-x2-tracy-perf-nocktrace-v0sym-legacy/runs/pass1/docker/master/v1d/perf-report.txt	/shared/nockchain-ext4-bench/artifacts/runs/20260218_204624-sol-8fixtures-x2-tracy-perf-nocktrace-v0sym-legacy/runs/pass1/docker/master/v1d/perf.folded	/shared/nockchain-ext4-bench/artifacts/runs/20260218_204624-sol-8fixtures-x2-tracy-perf-nocktrace-v0sym-legacy/runs/pass1/docker/master/v1d/perf.data	/shared/nockchain-ext4-bench/artifacts/runs/20260218_204624-sol-8fixtures-x2-tracy-perf-nocktrace-v0sym-legacy/runs/pass1/docker/master/v1d/trace.tracy	/shared/nockchain-ext4-bench/artifacts/runs/20260218_204624-sol-8fixtures-x2-tracy-perf-nocktrace-v0sym-legacy/runs/pass1/docker/master/v1d/trace-capture.log	857	3	6.17	0
1	docker	master	v1f								0	0	0	0	0	0	0	0	0	0	0	0	0:37.12	29008	137	/shared/nockchain-ext4-bench/artifacts/runs/20260218_204624-sol-8fixtures-x2-tracy-perf-nocktrace-v0sym-legacy/runs/pass1/docker/master/v1f/profile.json	/shared/nockchain-ext4-bench/artifacts/runs/20260218_204624-sol-8fixtures-x2-tracy-perf-nocktrace-v0sym-legacy/runs/pass1/docker/master/v1f/bench.log	/shared/nockchain-ext4-bench/artifacts/runs/20260218_204624-sol-8fixtures-x2-tracy-perf-nocktrace-v0sym-legacy/runs/pass1/docker/master/v1f/time.txt	2053	122	/shared/nockchain-ext4-bench/artifacts/runs/20260218_204624-sol-8fixtures-x2-tracy-perf-nocktrace-v0sym-legacy/runs/pass1/docker/master/v1f/perf-summary.json	/shared/nockchain-ext4-bench/artifacts/runs/20260218_204624-sol-8fixtures-x2-tracy-perf-nocktrace-v0sym-legacy/runs/pass1/docker/master/v1f/perf-flamegraph.svg	/shared/nockchain-ext4-bench/artifacts/runs/20260218_204624-sol-8fixtures-x2-tracy-perf-nocktrace-v0sym-legacy/runs/pass1/docker/master/v1f/perf-report.txt	/shared/nockchain-ext4-bench/artifacts/runs/20260218_204624-sol-8fixtures-x2-tracy-perf-nocktrace-v0sym-legacy/runs/pass1/docker/master/v1f/perf.folded	/shared/nockchain-ext4-bench/artifacts/runs/20260218_204624-sol-8fixtures-x2-tracy-perf-nocktrace-v0sym-legacy/runs/pass1/docker/master/v1f/perf.data	/shared/nockchain-ext4-bench/artifacts/runs/20260218_204624-sol-8fixtures-x2-tracy-perf-nocktrace-v0sym-legacy/runs/pass1/docker/master/v1f/trace.tracy	/shared/nockchain-ext4-bench/artifacts/runs/20260218_204624-sol-8fixtures-x2-tracy-perf-nocktrace-v0sym-legacy/runs/pass1/docker/master/v1f/trace-capture.log	2401	3	35.34	0
1	docker	master	v2d	100	0	2.58	3.76	37.56	26.62	0	0	0	0	0	0	0	0	0	0	0	0	0	0:06.88	29056	0	/shared/nockchain-ext4-bench/artifacts/runs/20260218_204624-sol-8fixtures-x2-tracy-perf-nocktrace-v0sym-legacy/runs/pass1/docker/master/v2d/profile.json	/shared/nockchain-ext4-bench/artifacts/runs/20260218_204624-sol-8fixtures-x2-tracy-perf-nocktrace-v0sym-legacy/runs/pass1/docker/master/v2d/bench.log	/shared/nockchain-ext4-bench/artifacts/runs/20260218_204624-sol-8fixtures-x2-tracy-perf-nocktrace-v0sym-legacy/runs/pass1/docker/master/v2d/time.txt	1582	619	/shared/nockchain-ext4-bench/artifacts/runs/20260218_204624-sol-8fixtures-x2-tracy-perf-nocktrace-v0sym-legacy/runs/pass1/docker/master/v2d/perf-summary.json	/shared/nockchain-ext4-bench/artifacts/runs/20260218_204624-sol-8fixtures-x2-tracy-perf-nocktrace-v0sym-legacy/runs/pass1/docker/master/v2d/perf-flamegraph.svg	/shared/nockchain-ext4-bench/artifacts/runs/20260218_204624-sol-8fixtures-x2-tracy-perf-nocktrace-v0sym-legacy/runs/pass1/docker/master/v2d/perf-report.txt	/shared/nockchain-ext4-bench/artifacts/runs/20260218_204624-sol-8fixtures-x2-tracy-perf-nocktrace-v0sym-legacy/runs/pass1/docker/master/v2d/perf.folded	/shared/nockchain-ext4-bench/artifacts/runs/20260218_204624-sol-8fixtures-x2-tracy-perf-nocktrace-v0sym-legacy/runs/pass1/docker/master/v2d/perf.data	/shared/nockchain-ext4-bench/artifacts/runs/20260218_204624-sol-8fixtures-x2-tracy-perf-nocktrace-v0sym-legacy/runs/pass1/docker/master/v2d/trace.tracy	/shared/nockchain-ext4-bench/artifacts/runs/20260218_204624-sol-8fixtures-x2-tracy-perf-nocktrace-v0sym-legacy/runs/pass1/docker/master/v2d/trace-capture.log	849	3	6.47	0
1	docker	master	v2f								0	0	0	0	0	0	0	0	0	0	0	0	0:22.75	28116	137	/shared/nockchain-ext4-bench/artifacts/runs/20260218_204624-sol-8fixtures-x2-tracy-perf-nocktrace-v0sym-legacy/runs/pass1/docker/master/v2f/profile.json	/shared/nockchain-ext4-bench/artifacts/runs/20260218_204624-sol-8fixtures-x2-tracy-perf-nocktrace-v0sym-legacy/runs/pass1/docker/master/v2f/bench.log	/shared/nockchain-ext4-bench/artifacts/runs/20260218_204624-sol-8fixtures-x2-tracy-perf-nocktrace-v0sym-legacy/runs/pass1/docker/master/v2f/time.txt	2225	125	/shared/nockchain-ext4-bench/artifacts/runs/20260218_204624-sol-8fixtures-x2-tracy-perf-nocktrace-v0sym-legacy/runs/pass1/docker/master/v2f/perf-summary.json	/shared/nockchain-ext4-bench/artifacts/runs/20260218_204624-sol-8fixtures-x2-tracy-perf-nocktrace-v0sym-legacy/runs/pass1/docker/master/v2f/perf-flamegraph.svg	/shared/nockchain-ext4-bench/artifacts/runs/20260218_204624-sol-8fixtures-x2-tracy-perf-nocktrace-v0sym-legacy/runs/pass1/docker/master/v2f/perf-report.txt	/shared/nockchain-ext4-bench/artifacts/runs/20260218_204624-sol-8fixtures-x2-tracy-perf-nocktrace-v0sym-legacy/runs/pass1/docker/master/v2f/perf.folded	/shared/nockchain-ext4-bench/artifacts/runs/20260218_204624-sol-8fixtures-x2-tracy-perf-nocktrace-v0sym-legacy/runs/pass1/docker/master/v2f/perf.data	/shared/nockchain-ext4-bench/artifacts/runs/20260218_204624-sol-8fixtures-x2-tracy-perf-nocktrace-v0sym-legacy/runs/pass1/docker/master/v2f/trace.tracy	/shared/nockchain-ext4-bench/artifacts/runs/20260218_204624-sol-8fixtures-x2-tracy-perf-nocktrace-v0sym-legacy/runs/pass1/docker/master/v2f/trace-capture.log	1718	3	21.52	0
1	docker	master	h51000d	101	0	2.50	3.91	38.69	25.84	0	0	0	0	0	0	0	0	0	0	0	0	0	0:06.94	28068	0	/shared/nockchain-ext4-bench/artifacts/runs/20260218_204624-sol-8fixtures-x2-tracy-perf-nocktrace-v0sym-legacy/runs/pass1/docker/master/h51000d/profile.json	/shared/nockchain-ext4-bench/artifacts/runs/20260218_204624-sol-8fixtures-x2-tracy-perf-nocktrace-v0sym-legacy/runs/pass1/docker/master/h51000d/bench.log	/shared/nockchain-ext4-bench/artifacts/runs/20260218_204624-sol-8fixtures-x2-tracy-perf-nocktrace-v0sym-legacy/runs/pass1/docker/master/h51000d/time.txt	1567	596	/shared/nockchain-ext4-bench/artifacts/runs/20260218_204624-sol-8fixtures-x2-tracy-perf-nocktrace-v0sym-legacy/runs/pass1/docker/master/h51000d/perf-summary.json	/shared/nockchain-ext4-bench/artifacts/runs/20260218_204624-sol-8fixtures-x2-tracy-perf-nocktrace-v0sym-legacy/runs/pass1/docker/master/h51000d/perf-flamegraph.svg	/shared/nockchain-ext4-bench/artifacts/runs/20260218_204624-sol-8fixtures-x2-tracy-perf-nocktrace-v0sym-legacy/runs/pass1/docker/master/h51000d/perf-report.txt	/shared/nockchain-ext4-bench/artifacts/runs/20260218_204624-sol-8fixtures-x2-tracy-perf-nocktrace-v0sym-legacy/runs/pass1/docker/master/h51000d/perf.folded	/shared/nockchain-ext4-bench/artifacts/runs/20260218_204624-sol-8fixtures-x2-tracy-perf-nocktrace-v0sym-legacy/runs/pass1/docker/master/h51000d/perf.data	/shared/nockchain-ext4-bench/artifacts/runs/20260218_204624-sol-8fixtures-x2-tracy-perf-nocktrace-v0sym-legacy/runs/pass1/docker/master/h51000d/trace.tracy	/shared/nockchain-ext4-bench/artifacts/runs/20260218_204624-sol-8fixtures-x2-tracy-perf-nocktrace-v0sym-legacy/runs/pass1/docker/master/h51000d/trace-capture.log	821	3	6.46	0
1	docker	master	h51000f								0	0	0	0	0	0	0	0	0	0	0	0	0:21.84	27380	137	/shared/nockchain-ext4-bench/artifacts/runs/20260218_204624-sol-8fixtures-x2-tracy-perf-nocktrace-v0sym-legacy/runs/pass1/docker/master/h51000f/profile.json	/shared/nockchain-ext4-bench/artifacts/runs/20260218_204624-sol-8fixtures-x2-tracy-perf-nocktrace-v0sym-legacy/runs/pass1/docker/master/h51000f/bench.log	/shared/nockchain-ext4-bench/artifacts/runs/20260218_204624-sol-8fixtures-x2-tracy-perf-nocktrace-v0sym-legacy/runs/pass1/docker/master/h51000f/time.txt	2303	131	/shared/nockchain-ext4-bench/artifacts/runs/20260218_204624-sol-8fixtures-x2-tracy-perf-nocktrace-v0sym-legacy/runs/pass1/docker/master/h51000f/perf-summary.json	/shared/nockchain-ext4-bench/artifacts/runs/20260218_204624-sol-8fixtures-x2-tracy-perf-nocktrace-v0sym-legacy/runs/pass1/docker/master/h51000f/perf-flamegraph.svg	/shared/nockchain-ext4-bench/artifacts/runs/20260218_204624-sol-8fixtures-x2-tracy-perf-nocktrace-v0sym-legacy/runs/pass1/docker/master/h51000f/perf-report.txt	/shared/nockchain-ext4-bench/artifacts/runs/20260218_204624-sol-8fixtures-x2-tracy-perf-nocktrace-v0sym-legacy/runs/pass1/docker/master/h51000f/perf.folded	/shared/nockchain-ext4-bench/artifacts/runs/20260218_204624-sol-8fixtures-x2-tracy-perf-nocktrace-v0sym-legacy/runs/pass1/docker/master/h51000f/perf.data	/shared/nockchain-ext4-bench/artifacts/runs/20260218_204624-sol-8fixtures-x2-tracy-perf-nocktrace-v0sym-legacy/runs/pass1/docker/master/h51000f/trace.tracy	/shared/nockchain-ext4-bench/artifacts/runs/20260218_204624-sol-8fixtures-x2-tracy-perf-nocktrace-v0sym-legacy/runs/pass1/docker/master/h51000f/trace-capture.log	1672	3	20.6	0
1	docker	bump PMA	v0d	100	0	3.13	1.32	13.23	75.57	0	0	0	0	0	0	0	0	0	0	0	0	0	0:05.04	27704	0	/shared/nockchain-ext4-bench/artifacts/runs/20260218_204624-sol-8fixtures-x2-tracy-perf-nocktrace-v0sym-legacy/runs/pass1/docker/streaming/v0d/profile.json	/shared/nockchain-ext4-bench/artifacts/runs/20260218_204624-sol-8fixtures-x2-tracy-perf-nocktrace-v0sym-legacy/runs/pass1/docker/streaming/v0d/bench.log	/shared/nockchain-ext4-bench/artifacts/runs/20260218_204624-sol-8fixtures-x2-tracy-perf-nocktrace-v0sym-legacy/runs/pass1/docker/streaming/v0d/time.txt	1189	483	/shared/nockchain-ext4-bench/artifacts/runs/20260218_204624-sol-8fixtures-x2-tracy-perf-nocktrace-v0sym-legacy/runs/pass1/docker/streaming/v0d/perf-summary.json	/shared/nockchain-ext4-bench/artifacts/runs/20260218_204624-sol-8fixtures-x2-tracy-perf-nocktrace-v0sym-legacy/runs/pass1/docker/streaming/v0d/perf-flamegraph.svg	/shared/nockchain-ext4-bench/artifacts/runs/20260218_204624-sol-8fixtures-x2-tracy-perf-nocktrace-v0sym-legacy/runs/pass1/docker/streaming/v0d/perf-report.txt	/shared/nockchain-ext4-bench/artifacts/runs/20260218_204624-sol-8fixtures-x2-tracy-perf-nocktrace-v0sym-legacy/runs/pass1/docker/streaming/v0d/perf.folded	/shared/nockchain-ext4-bench/artifacts/runs/20260218_204624-sol-8fixtures-x2-tracy-perf-nocktrace-v0sym-legacy/runs/pass1/docker/streaming/v0d/perf.data	/shared/nockchain-ext4-bench/artifacts/runs/20260218_204624-sol-8fixtures-x2-tracy-perf-nocktrace-v0sym-legacy/runs/pass1/docker/streaming/v0d/trace.tracy	/shared/nockchain-ext4-bench/artifacts/runs/20260218_204624-sol-8fixtures-x2-tracy-perf-nocktrace-v0sym-legacy/runs/pass1/docker/streaming/v0d/trace-capture.log	712	3	4.55	0
1	docker	bump PMA	v0f								0	0	0	0	0	0	0	0	0	0	0	0	0:22.39	27796	137	/shared/nockchain-ext4-bench/artifacts/runs/20260218_204624-sol-8fixtures-x2-tracy-perf-nocktrace-v0sym-legacy/runs/pass1/docker/streaming/v0f/profile.json	/shared/nockchain-ext4-bench/artifacts/runs/20260218_204624-sol-8fixtures-x2-tracy-perf-nocktrace-v0sym-legacy/runs/pass1/docker/streaming/v0f/bench.log	/shared/nockchain-ext4-bench/artifacts/runs/20260218_204624-sol-8fixtures-x2-tracy-perf-nocktrace-v0sym-legacy/runs/pass1/docker/streaming/v0f/time.txt	1739	1421	/shared/nockchain-ext4-bench/artifacts/runs/20260218_204624-sol-8fixtures-x2-tracy-perf-nocktrace-v0sym-legacy/runs/pass1/docker/streaming/v0f/perf-summary.json	/shared/nockchain-ext4-bench/artifacts/runs/20260218_204624-sol-8fixtures-x2-tracy-perf-nocktrace-v0sym-legacy/runs/pass1/docker/streaming/v0f/perf-flamegraph.svg	/shared/nockchain-ext4-bench/artifacts/runs/20260218_204624-sol-8fixtures-x2-tracy-perf-nocktrace-v0sym-legacy/runs/pass1/docker/streaming/v0f/perf-report.txt	/shared/nockchain-ext4-bench/artifacts/runs/20260218_204624-sol-8fixtures-x2-tracy-perf-nocktrace-v0sym-legacy/runs/pass1/docker/streaming/v0f/perf.folded	/shared/nockchain-ext4-bench/artifacts/runs/20260218_204624-sol-8fixtures-x2-tracy-perf-nocktrace-v0sym-legacy/runs/pass1/docker/streaming/v0f/perf.data	/shared/nockchain-ext4-bench/artifacts/runs/20260218_204624-sol-8fixtures-x2-tracy-perf-nocktrace-v0sym-legacy/runs/pass1/docker/streaming/v0f/trace.tracy	/shared/nockchain-ext4-bench/artifacts/runs/20260218_204624-sol-8fixtures-x2-tracy-perf-nocktrace-v0sym-legacy/runs/pass1/docker/streaming/v0f/trace-capture.log	1485	3	18.18	0
1	docker	bump PMA	v1d	100	0	3.07	1.33	13.27	75.33	0	0	0	0	0	0	0	0	0	0	0	0	0	0:05.34	28676	0	/shared/nockchain-ext4-bench/artifacts/runs/20260218_204624-sol-8fixtures-x2-tracy-perf-nocktrace-v0sym-legacy/runs/pass1/docker/streaming/v1d/profile.json	/shared/nockchain-ext4-bench/artifacts/runs/20260218_204624-sol-8fixtures-x2-tracy-perf-nocktrace-v0sym-legacy/runs/pass1/docker/streaming/v1d/bench.log	/shared/nockchain-ext4-bench/artifacts/runs/20260218_204624-sol-8fixtures-x2-tracy-perf-nocktrace-v0sym-legacy/runs/pass1/docker/streaming/v1d/time.txt	1248	488	/shared/nockchain-ext4-bench/artifacts/runs/20260218_204624-sol-8fixtures-x2-tracy-perf-nocktrace-v0sym-legacy/runs/pass1/docker/streaming/v1d/perf-summary.json	/shared/nockchain-ext4-bench/artifacts/runs/20260218_204624-sol-8fixtures-x2-tracy-perf-nocktrace-v0sym-legacy/runs/pass1/docker/streaming/v1d/perf-flamegraph.svg	/shared/nockchain-ext4-bench/artifacts/runs/20260218_204624-sol-8fixtures-x2-tracy-perf-nocktrace-v0sym-legacy/runs/pass1/docker/streaming/v1d/perf-report.txt	/shared/nockchain-ext4-bench/artifacts/runs/20260218_204624-sol-8fixtures-x2-tracy-perf-nocktrace-v0sym-legacy/runs/pass1/docker/streaming/v1d/perf.folded	/shared/nockchain-ext4-bench/artifacts/runs/20260218_204624-sol-8fixtures-x2-tracy-perf-nocktrace-v0sym-legacy/runs/pass1/docker/streaming/v1d/perf.data	/shared/nockchain-ext4-bench/artifacts/runs/20260218_204624-sol-8fixtures-x2-tracy-perf-nocktrace-v0sym-legacy/runs/pass1/docker/streaming/v1d/trace.tracy	/shared/nockchain-ext4-bench/artifacts/runs/20260218_204624-sol-8fixtures-x2-tracy-perf-nocktrace-v0sym-legacy/runs/pass1/docker/streaming/v1d/trace-capture.log	707	3	4.45	0
1	docker	bump PMA	v1f								0	0	0	0	0	0	0	0	0	0	0	0	0:34.46	27464	137	/shared/nockchain-ext4-bench/artifacts/runs/20260218_204624-sol-8fixtures-x2-tracy-perf-nocktrace-v0sym-legacy/runs/pass1/docker/streaming/v1f/profile.json	/shared/nockchain-ext4-bench/artifacts/runs/20260218_204624-sol-8fixtures-x2-tracy-perf-nocktrace-v0sym-legacy/runs/pass1/docker/streaming/v1f/bench.log	/shared/nockchain-ext4-bench/artifacts/runs/20260218_204624-sol-8fixtures-x2-tracy-perf-nocktrace-v0sym-legacy/runs/pass1/docker/streaming/v1f/time.txt	1572	1190	/shared/nockchain-ext4-bench/artifacts/runs/20260218_204624-sol-8fixtures-x2-tracy-perf-nocktrace-v0sym-legacy/runs/pass1/docker/streaming/v1f/perf-summary.json	/shared/nockchain-ext4-bench/artifacts/runs/20260218_204624-sol-8fixtures-x2-tracy-perf-nocktrace-v0sym-legacy/runs/pass1/docker/streaming/v1f/perf-flamegraph.svg	/shared/nockchain-ext4-bench/artifacts/runs/20260218_204624-sol-8fixtures-x2-tracy-perf-nocktrace-v0sym-legacy/runs/pass1/docker/streaming/v1f/perf-report.txt	/shared/nockchain-ext4-bench/artifacts/runs/20260218_204624-sol-8fixtures-x2-tracy-perf-nocktrace-v0sym-legacy/runs/pass1/docker/streaming/v1f/perf.folded	/shared/nockchain-ext4-bench/artifacts/runs/20260218_204624-sol-8fixtures-x2-tracy-perf-nocktrace-v0sym-legacy/runs/pass1/docker/streaming/v1f/perf.data	/shared/nockchain-ext4-bench/artifacts/runs/20260218_204624-sol-8fixtures-x2-tracy-perf-nocktrace-v0sym-legacy/runs/pass1/docker/streaming/v1f/trace.tracy	/shared/nockchain-ext4-bench/artifacts/runs/20260218_204624-sol-8fixtures-x2-tracy-perf-nocktrace-v0sym-legacy/runs/pass1/docker/streaming/v1f/trace-capture.log	2317	3	32.33	0
1	docker	bump PMA	v2d	100	0	3.06	1.34	13.37	74.77	0	0	0	0	0	0	0	0	0	0	0	0	0	0:04.97	27252	0	/shared/nockchain-ext4-bench/artifacts/runs/20260218_204624-sol-8fixtures-x2-tracy-perf-nocktrace-v0sym-legacy/runs/pass1/docker/streaming/v2d/profile.json	/shared/nockchain-ext4-bench/artifacts/runs/20260218_204624-sol-8fixtures-x2-tracy-perf-nocktrace-v0sym-legacy/runs/pass1/docker/streaming/v2d/bench.log	/shared/nockchain-ext4-bench/artifacts/runs/20260218_204624-sol-8fixtures-x2-tracy-perf-nocktrace-v0sym-legacy/runs/pass1/docker/streaming/v2d/time.txt	1243	518	/shared/nockchain-ext4-bench/artifacts/runs/20260218_204624-sol-8fixtures-x2-tracy-perf-nocktrace-v0sym-legacy/runs/pass1/docker/streaming/v2d/perf-summary.json	/shared/nockchain-ext4-bench/artifacts/runs/20260218_204624-sol-8fixtures-x2-tracy-perf-nocktrace-v0sym-legacy/runs/pass1/docker/streaming/v2d/perf-flamegraph.svg	/shared/nockchain-ext4-bench/artifacts/runs/20260218_204624-sol-8fixtures-x2-tracy-perf-nocktrace-v0sym-legacy/runs/pass1/docker/streaming/v2d/perf-report.txt	/shared/nockchain-ext4-bench/artifacts/runs/20260218_204624-sol-8fixtures-x2-tracy-perf-nocktrace-v0sym-legacy/runs/pass1/docker/streaming/v2d/perf.folded	/shared/nockchain-ext4-bench/artifacts/runs/20260218_204624-sol-8fixtures-x2-tracy-perf-nocktrace-v0sym-legacy/runs/pass1/docker/streaming/v2d/perf.data	/shared/nockchain-ext4-bench/artifacts/runs/20260218_204624-sol-8fixtures-x2-tracy-perf-nocktrace-v0sym-legacy/runs/pass1/docker/streaming/v2d/trace.tracy	/shared/nockchain-ext4-bench/artifacts/runs/20260218_204624-sol-8fixtures-x2-tracy-perf-nocktrace-v0sym-legacy/runs/pass1/docker/streaming/v2d/trace-capture.log	714	3	4.44	0
1	docker	bump PMA	v2f								0	0	0	0	0	0	0	0	0	0	0	0	0:19.04	27608	137	/shared/nockchain-ext4-bench/artifacts/runs/20260218_204624-sol-8fixtures-x2-tracy-perf-nocktrace-v0sym-legacy/runs/pass1/docker/streaming/v2f/profile.json	/shared/nockchain-ext4-bench/artifacts/runs/20260218_204624-sol-8fixtures-x2-tracy-perf-nocktrace-v0sym-legacy/runs/pass1/docker/streaming/v2f/bench.log	/shared/nockchain-ext4-bench/artifacts/runs/20260218_204624-sol-8fixtures-x2-tracy-perf-nocktrace-v0sym-legacy/runs/pass1/docker/streaming/v2f/time.txt	1880	1421	/shared/nockchain-ext4-bench/artifacts/runs/20260218_204624-sol-8fixtures-x2-tracy-perf-nocktrace-v0sym-legacy/runs/pass1/docker/streaming/v2f/perf-summary.json	/shared/nockchain-ext4-bench/artifacts/runs/20260218_204624-sol-8fixtures-x2-tracy-perf-nocktrace-v0sym-legacy/runs/pass1/docker/streaming/v2f/perf-flamegraph.svg	/shared/nockchain-ext4-bench/artifacts/runs/20260218_204624-sol-8fixtures-x2-tracy-perf-nocktrace-v0sym-legacy/runs/pass1/docker/streaming/v2f/perf-report.txt	/shared/nockchain-ext4-bench/artifacts/runs/20260218_204624-sol-8fixtures-x2-tracy-perf-nocktrace-v0sym-legacy/runs/pass1/docker/streaming/v2f/perf.folded	/shared/nockchain-ext4-bench/artifacts/runs/20260218_204624-sol-8fixtures-x2-tracy-perf-nocktrace-v0sym-legacy/runs/pass1/docker/streaming/v2f/perf.data	/shared/nockchain-ext4-bench/artifacts/runs/20260218_204624-sol-8fixtures-x2-tracy-perf-nocktrace-v0sym-legacy/runs/pass1/docker/streaming/v2f/trace.tracy	/shared/nockchain-ext4-bench/artifacts/runs/20260218_204624-sol-8fixtures-x2-tracy-perf-nocktrace-v0sym-legacy/runs/pass1/docker/streaming/v2f/trace-capture.log	1551	3	17.9	0
1	docker	bump PMA	h51000d	101	0	3.07	1.36	13.43	74.43	0	0	0	0	0	0	0	0	0	0	0	0	0	0:05.01	28032	0	/shared/nockchain-ext4-bench/artifacts/runs/20260218_204624-sol-8fixtures-x2-tracy-perf-nocktrace-v0sym-legacy/runs/pass1/docker/streaming/h51000d/profile.json	/shared/nockchain-ext4-bench/artifacts/runs/20260218_204624-sol-8fixtures-x2-tracy-perf-nocktrace-v0sym-legacy/runs/pass1/docker/streaming/h51000d/bench.log	/shared/nockchain-ext4-bench/artifacts/runs/20260218_204624-sol-8fixtures-x2-tracy-perf-nocktrace-v0sym-legacy/runs/pass1/docker/streaming/h51000d/time.txt	1244	529	/shared/nockchain-ext4-bench/artifacts/runs/20260218_204624-sol-8fixtures-x2-tracy-perf-nocktrace-v0sym-legacy/runs/pass1/docker/streaming/h51000d/perf-summary.json	/shared/nockchain-ext4-bench/artifacts/runs/20260218_204624-sol-8fixtures-x2-tracy-perf-nocktrace-v0sym-legacy/runs/pass1/docker/streaming/h51000d/perf-flamegraph.svg	/shared/nockchain-ext4-bench/artifacts/runs/20260218_204624-sol-8fixtures-x2-tracy-perf-nocktrace-v0sym-legacy/runs/pass1/docker/streaming/h51000d/perf-report.txt	/shared/nockchain-ext4-bench/artifacts/runs/20260218_204624-sol-8fixtures-x2-tracy-perf-nocktrace-v0sym-legacy/runs/pass1/docker/streaming/h51000d/perf.folded	/shared/nockchain-ext4-bench/artifacts/runs/20260218_204624-sol-8fixtures-x2-tracy-perf-nocktrace-v0sym-legacy/runs/pass1/docker/streaming/h51000d/perf.data	/shared/nockchain-ext4-bench/artifacts/runs/20260218_204624-sol-8fixtures-x2-tracy-perf-nocktrace-v0sym-legacy/runs/pass1/docker/streaming/h51000d/trace.tracy	/shared/nockchain-ext4-bench/artifacts/runs/20260218_204624-sol-8fixtures-x2-tracy-perf-nocktrace-v0sym-legacy/runs/pass1/docker/streaming/h51000d/trace-capture.log	704	3	4.54	0
1	docker	bump PMA	h51000f								0	0	0	0	0	0	0	0	0	0	0	0	0:18.73	27640	137	/shared/nockchain-ext4-bench/artifacts/runs/20260218_204624-sol-8fixtures-x2-tracy-perf-nocktrace-v0sym-legacy/runs/pass1/docker/streaming/h51000f/profile.json	/shared/nockchain-ext4-bench/artifacts/runs/20260218_204624-sol-8fixtures-x2-tracy-perf-nocktrace-v0sym-legacy/runs/pass1/docker/streaming/h51000f/bench.log	/shared/nockchain-ext4-bench/artifacts/runs/20260218_204624-sol-8fixtures-x2-tracy-perf-nocktrace-v0sym-legacy/runs/pass1/docker/streaming/h51000f/time.txt	2045	1411	/shared/nockchain-ext4-bench/artifacts/runs/20260218_204624-sol-8fixtures-x2-tracy-perf-nocktrace-v0sym-legacy/runs/pass1/docker/streaming/h51000f/perf-summary.json	/shared/nockchain-ext4-bench/artifacts/runs/20260218_204624-sol-8fixtures-x2-tracy-perf-nocktrace-v0sym-legacy/runs/pass1/docker/streaming/h51000f/perf-flamegraph.svg	/shared/nockchain-ext4-bench/artifacts/runs/20260218_204624-sol-8fixtures-x2-tracy-perf-nocktrace-v0sym-legacy/runs/pass1/docker/streaming/h51000f/perf-report.txt	/shared/nockchain-ext4-bench/artifacts/runs/20260218_204624-sol-8fixtures-x2-tracy-perf-nocktrace-v0sym-legacy/runs/pass1/docker/streaming/h51000f/perf.folded	/shared/nockchain-ext4-bench/artifacts/runs/20260218_204624-sol-8fixtures-x2-tracy-perf-nocktrace-v0sym-legacy/runs/pass1/docker/streaming/h51000f/perf.data	/shared/nockchain-ext4-bench/artifacts/runs/20260218_204624-sol-8fixtures-x2-tracy-perf-nocktrace-v0sym-legacy/runs/pass1/docker/streaming/h51000f/trace.tracy	/shared/nockchain-ext4-bench/artifacts/runs/20260218_204624-sol-8fixtures-x2-tracy-perf-nocktrace-v0sym-legacy/runs/pass1/docker/streaming/h51000f/trace-capture.log	1466	3	17.49	0
1	docker	btree	v0d	100	0	3.52	1.36	13.64	73.29	0	0	0	0	0	0	0	0	0	0	0	0	0	0:05.55	27312	0	/shared/nockchain-ext4-bench/artifacts/runs/20260218_204624-sol-8fixtures-x2-tracy-perf-nocktrace-v0sym-legacy/runs/pass1/docker/btree/v0d/profile.json	/shared/nockchain-ext4-bench/artifacts/runs/20260218_204624-sol-8fixtures-x2-tracy-perf-nocktrace-v0sym-legacy/runs/pass1/docker/btree/v0d/bench.log	/shared/nockchain-ext4-bench/artifacts/runs/20260218_204624-sol-8fixtures-x2-tracy-perf-nocktrace-v0sym-legacy/runs/pass1/docker/btree/v0d/time.txt	1417	591	/shared/nockchain-ext4-bench/artifacts/runs/20260218_204624-sol-8fixtures-x2-tracy-perf-nocktrace-v0sym-legacy/runs/pass1/docker/btree/v0d/perf-summary.json	/shared/nockchain-ext4-bench/artifacts/runs/20260218_204624-sol-8fixtures-x2-tracy-perf-nocktrace-v0sym-legacy/runs/pass1/docker/btree/v0d/perf-flamegraph.svg	/shared/nockchain-ext4-bench/artifacts/runs/20260218_204624-sol-8fixtures-x2-tracy-perf-nocktrace-v0sym-legacy/runs/pass1/docker/btree/v0d/perf-report.txt	/shared/nockchain-ext4-bench/artifacts/runs/20260218_204624-sol-8fixtures-x2-tracy-perf-nocktrace-v0sym-legacy/runs/pass1/docker/btree/v0d/perf.folded	/shared/nockchain-ext4-bench/artifacts/runs/20260218_204624-sol-8fixtures-x2-tracy-perf-nocktrace-v0sym-legacy/runs/pass1/docker/btree/v0d/perf.data	/shared/nockchain-ext4-bench/artifacts/runs/20260218_204624-sol-8fixtures-x2-tracy-perf-nocktrace-v0sym-legacy/runs/pass1/docker/btree/v0d/trace.tracy	/shared/nockchain-ext4-bench/artifacts/runs/20260218_204624-sol-8fixtures-x2-tracy-perf-nocktrace-v0sym-legacy/runs/pass1/docker/btree/v0d/trace-capture.log	778	3	4.95	0
1	docker	btree	v0f								0	0	0	0	0	0	0	0	0	0	0	0	0:17.98	28836	137	/shared/nockchain-ext4-bench/artifacts/runs/20260218_204624-sol-8fixtures-x2-tracy-perf-nocktrace-v0sym-legacy/runs/pass1/docker/btree/v0f/profile.json	/shared/nockchain-ext4-bench/artifacts/runs/20260218_204624-sol-8fixtures-x2-tracy-perf-nocktrace-v0sym-legacy/runs/pass1/docker/btree/v0f/bench.log	/shared/nockchain-ext4-bench/artifacts/runs/20260218_204624-sol-8fixtures-x2-tracy-perf-nocktrace-v0sym-legacy/runs/pass1/docker/btree/v0f/time.txt	1596	1186	/shared/nockchain-ext4-bench/artifacts/runs/20260218_204624-sol-8fixtures-x2-tracy-perf-nocktrace-v0sym-legacy/runs/pass1/docker/btree/v0f/perf-summary.json	/shared/nockchain-ext4-bench/artifacts/runs/20260218_204624-sol-8fixtures-x2-tracy-perf-nocktrace-v0sym-legacy/runs/pass1/docker/btree/v0f/perf-flamegraph.svg	/shared/nockchain-ext4-bench/artifacts/runs/20260218_204624-sol-8fixtures-x2-tracy-perf-nocktrace-v0sym-legacy/runs/pass1/docker/btree/v0f/perf-report.txt	/shared/nockchain-ext4-bench/artifacts/runs/20260218_204624-sol-8fixtures-x2-tracy-perf-nocktrace-v0sym-legacy/runs/pass1/docker/btree/v0f/perf.folded	/shared/nockchain-ext4-bench/artifacts/runs/20260218_204624-sol-8fixtures-x2-tracy-perf-nocktrace-v0sym-legacy/runs/pass1/docker/btree/v0f/perf.data	/shared/nockchain-ext4-bench/artifacts/runs/20260218_204624-sol-8fixtures-x2-tracy-perf-nocktrace-v0sym-legacy/runs/pass1/docker/btree/v0f/trace.tracy	/shared/nockchain-ext4-bench/artifacts/runs/20260218_204624-sol-8fixtures-x2-tracy-perf-nocktrace-v0sym-legacy/runs/pass1/docker/btree/v0f/trace-capture.log	1414	3	15.8	0
1	docker	btree	v1d	100	0	3.31	1.38	13.80	72.44	0	0	0	0	0	0	0	0	0	0	0	0	0	0:05.74	28944	0	/shared/nockchain-ext4-bench/artifacts/runs/20260218_204624-sol-8fixtures-x2-tracy-perf-nocktrace-v0sym-legacy/runs/pass1/docker/btree/v1d/profile.json	/shared/nockchain-ext4-bench/artifacts/runs/20260218_204624-sol-8fixtures-x2-tracy-perf-nocktrace-v0sym-legacy/runs/pass1/docker/btree/v1d/bench.log	/shared/nockchain-ext4-bench/artifacts/runs/20260218_204624-sol-8fixtures-x2-tracy-perf-nocktrace-v0sym-legacy/runs/pass1/docker/btree/v1d/time.txt	1362	500	/shared/nockchain-ext4-bench/artifacts/runs/20260218_204624-sol-8fixtures-x2-tracy-perf-nocktrace-v0sym-legacy/runs/pass1/docker/btree/v1d/perf-summary.json	/shared/nockchain-ext4-bench/artifacts/runs/20260218_204624-sol-8fixtures-x2-tracy-perf-nocktrace-v0sym-legacy/runs/pass1/docker/btree/v1d/perf-flamegraph.svg	/shared/nockchain-ext4-bench/artifacts/runs/20260218_204624-sol-8fixtures-x2-tracy-perf-nocktrace-v0sym-legacy/runs/pass1/docker/btree/v1d/perf-report.txt	/shared/nockchain-ext4-bench/artifacts/runs/20260218_204624-sol-8fixtures-x2-tracy-perf-nocktrace-v0sym-legacy/runs/pass1/docker/btree/v1d/perf.folded	/shared/nockchain-ext4-bench/artifacts/runs/20260218_204624-sol-8fixtures-x2-tracy-perf-nocktrace-v0sym-legacy/runs/pass1/docker/btree/v1d/perf.data	/shared/nockchain-ext4-bench/artifacts/runs/20260218_204624-sol-8fixtures-x2-tracy-perf-nocktrace-v0sym-legacy/runs/pass1/docker/btree/v1d/trace.tracy	/shared/nockchain-ext4-bench/artifacts/runs/20260218_204624-sol-8fixtures-x2-tracy-perf-nocktrace-v0sym-legacy/runs/pass1/docker/btree/v1d/trace-capture.log	726	3	4.75	0
1	docker	btree	v1f								0	0	0	0	0	0	0	0	0	0	0	0	0:33.62	27856	137	/shared/nockchain-ext4-bench/artifacts/runs/20260218_204624-sol-8fixtures-x2-tracy-perf-nocktrace-v0sym-legacy/runs/pass1/docker/btree/v1f/profile.json	/shared/nockchain-ext4-bench/artifacts/runs/20260218_204624-sol-8fixtures-x2-tracy-perf-nocktrace-v0sym-legacy/runs/pass1/docker/btree/v1f/bench.log	/shared/nockchain-ext4-bench/artifacts/runs/20260218_204624-sol-8fixtures-x2-tracy-perf-nocktrace-v0sym-legacy/runs/pass1/docker/btree/v1f/time.txt	1813	1404	/shared/nockchain-ext4-bench/artifacts/runs/20260218_204624-sol-8fixtures-x2-tracy-perf-nocktrace-v0sym-legacy/runs/pass1/docker/btree/v1f/perf-summary.json	/shared/nockchain-ext4-bench/artifacts/runs/20260218_204624-sol-8fixtures-x2-tracy-perf-nocktrace-v0sym-legacy/runs/pass1/docker/btree/v1f/perf-flamegraph.svg	/shared/nockchain-ext4-bench/artifacts/runs/20260218_204624-sol-8fixtures-x2-tracy-perf-nocktrace-v0sym-legacy/runs/pass1/docker/btree/v1f/perf-report.txt	/shared/nockchain-ext4-bench/artifacts/runs/20260218_204624-sol-8fixtures-x2-tracy-perf-nocktrace-v0sym-legacy/runs/pass1/docker/btree/v1f/perf.folded	/shared/nockchain-ext4-bench/artifacts/runs/20260218_204624-sol-8fixtures-x2-tracy-perf-nocktrace-v0sym-legacy/runs/pass1/docker/btree/v1f/perf.data	/shared/nockchain-ext4-bench/artifacts/runs/20260218_204624-sol-8fixtures-x2-tracy-perf-nocktrace-v0sym-legacy/runs/pass1/docker/btree/v1f/trace.tracy	/shared/nockchain-ext4-bench/artifacts/runs/20260218_204624-sol-8fixtures-x2-tracy-perf-nocktrace-v0sym-legacy/runs/pass1/docker/btree/v1f/trace-capture.log	2279	3	32.12	0
1	docker	btree	v2d	100	0	3.18	1.37	13.71	72.97	0	0	0	0	0	0	0	0	0	0	0	0	0	0:05.21	27292	0	/shared/nockchain-ext4-bench/artifacts/runs/20260218_204624-sol-8fixtures-x2-tracy-perf-nocktrace-v0sym-legacy/runs/pass1/docker/btree/v2d/profile.json	/shared/nockchain-ext4-bench/artifacts/runs/20260218_204624-sol-8fixtures-x2-tracy-perf-nocktrace-v0sym-legacy/runs/pass1/docker/btree/v2d/bench.log	/shared/nockchain-ext4-bench/artifacts/runs/20260218_204624-sol-8fixtures-x2-tracy-perf-nocktrace-v0sym-legacy/runs/pass1/docker/btree/v2d/time.txt	1410	520	/shared/nockchain-ext4-bench/artifacts/runs/20260218_204624-sol-8fixtures-x2-tracy-perf-nocktrace-v0sym-legacy/runs/pass1/docker/btree/v2d/perf-summary.json	/shared/nockchain-ext4-bench/artifacts/runs/20260218_204624-sol-8fixtures-x2-tracy-perf-nocktrace-v0sym-legacy/runs/pass1/docker/btree/v2d/perf-flamegraph.svg	/shared/nockchain-ext4-bench/artifacts/runs/20260218_204624-sol-8fixtures-x2-tracy-perf-nocktrace-v0sym-legacy/runs/pass1/docker/btree/v2d/perf-report.txt	/shared/nockchain-ext4-bench/artifacts/runs/20260218_204624-sol-8fixtures-x2-tracy-perf-nocktrace-v0sym-legacy/runs/pass1/docker/btree/v2d/perf.folded	/shared/nockchain-ext4-bench/artifacts/runs/20260218_204624-sol-8fixtures-x2-tracy-perf-nocktrace-v0sym-legacy/runs/pass1/docker/btree/v2d/perf.data	/shared/nockchain-ext4-bench/artifacts/runs/20260218_204624-sol-8fixtures-x2-tracy-perf-nocktrace-v0sym-legacy/runs/pass1/docker/btree/v2d/trace.tracy	/shared/nockchain-ext4-bench/artifacts/runs/20260218_204624-sol-8fixtures-x2-tracy-perf-nocktrace-v0sym-legacy/runs/pass1/docker/btree/v2d/trace-capture.log	734	3	4.64	0
1	docker	btree	v2f								0	0	0	0	0	0	0	0	0	0	0	0	0:18.31	28256	137	/shared/nockchain-ext4-bench/artifacts/runs/20260218_204624-sol-8fixtures-x2-tracy-perf-nocktrace-v0sym-legacy/runs/pass1/docker/btree/v2f/profile.json	/shared/nockchain-ext4-bench/artifacts/runs/20260218_204624-sol-8fixtures-x2-tracy-perf-nocktrace-v0sym-legacy/runs/pass1/docker/btree/v2f/bench.log	/shared/nockchain-ext4-bench/artifacts/runs/20260218_204624-sol-8fixtures-x2-tracy-perf-nocktrace-v0sym-legacy/runs/pass1/docker/btree/v2f/time.txt	1853	1394	/shared/nockchain-ext4-bench/artifacts/runs/20260218_204624-sol-8fixtures-x2-tracy-perf-nocktrace-v0sym-legacy/runs/pass1/docker/btree/v2f/perf-summary.json	/shared/nockchain-ext4-bench/artifacts/runs/20260218_204624-sol-8fixtures-x2-tracy-perf-nocktrace-v0sym-legacy/runs/pass1/docker/btree/v2f/perf-flamegraph.svg	/shared/nockchain-ext4-bench/artifacts/runs/20260218_204624-sol-8fixtures-x2-tracy-perf-nocktrace-v0sym-legacy/runs/pass1/docker/btree/v2f/perf-report.txt	/shared/nockchain-ext4-bench/artifacts/runs/20260218_204624-sol-8fixtures-x2-tracy-perf-nocktrace-v0sym-legacy/runs/pass1/docker/btree/v2f/perf.folded	/shared/nockchain-ext4-bench/artifacts/runs/20260218_204624-sol-8fixtures-x2-tracy-perf-nocktrace-v0sym-legacy/runs/pass1/docker/btree/v2f/perf.data	/shared/nockchain-ext4-bench/artifacts/runs/20260218_204624-sol-8fixtures-x2-tracy-perf-nocktrace-v0sym-legacy/runs/pass1/docker/btree/v2f/trace.tracy	/shared/nockchain-ext4-bench/artifacts/runs/20260218_204624-sol-8fixtures-x2-tracy-perf-nocktrace-v0sym-legacy/runs/pass1/docker/btree/v2f/trace-capture.log	1422	3	17.06	0
1	docker	btree	h51000d	101	0	3.17	1.40	13.89	72.01	0	0	0	0	0	0	0	0	0	0	0	0	0	0:05.31	28448	0	/shared/nockchain-ext4-bench/artifacts/runs/20260218_204624-sol-8fixtures-x2-tracy-perf-nocktrace-v0sym-legacy/runs/pass1/docker/btree/h51000d/profile.json	/shared/nockchain-ext4-bench/artifacts/runs/20260218_204624-sol-8fixtures-x2-tracy-perf-nocktrace-v0sym-legacy/runs/pass1/docker/btree/h51000d/bench.log	/shared/nockchain-ext4-bench/artifacts/runs/20260218_204624-sol-8fixtures-x2-tracy-perf-nocktrace-v0sym-legacy/runs/pass1/docker/btree/h51000d/time.txt	1348	532	/shared/nockchain-ext4-bench/artifacts/runs/20260218_204624-sol-8fixtures-x2-tracy-perf-nocktrace-v0sym-legacy/runs/pass1/docker/btree/h51000d/perf-summary.json	/shared/nockchain-ext4-bench/artifacts/runs/20260218_204624-sol-8fixtures-x2-tracy-perf-nocktrace-v0sym-legacy/runs/pass1/docker/btree/h51000d/perf-flamegraph.svg	/shared/nockchain-ext4-bench/artifacts/runs/20260218_204624-sol-8fixtures-x2-tracy-perf-nocktrace-v0sym-legacy/runs/pass1/docker/btree/h51000d/perf-report.txt	/shared/nockchain-ext4-bench/artifacts/runs/20260218_204624-sol-8fixtures-x2-tracy-perf-nocktrace-v0sym-legacy/runs/pass1/docker/btree/h51000d/perf.folded	/shared/nockchain-ext4-bench/artifacts/runs/20260218_204624-sol-8fixtures-x2-tracy-perf-nocktrace-v0sym-legacy/runs/pass1/docker/btree/h51000d/perf.data	/shared/nockchain-ext4-bench/artifacts/runs/20260218_204624-sol-8fixtures-x2-tracy-perf-nocktrace-v0sym-legacy/runs/pass1/docker/btree/h51000d/trace.tracy	/shared/nockchain-ext4-bench/artifacts/runs/20260218_204624-sol-8fixtures-x2-tracy-perf-nocktrace-v0sym-legacy/runs/pass1/docker/btree/h51000d/trace-capture.log	710	3	4.65	0
1	docker	btree	h51000f								0	0	0	0	0	0	0	0	0	0	0	0	0:30.61	27880	137	/shared/nockchain-ext4-bench/artifacts/runs/20260218_204624-sol-8fixtures-x2-tracy-perf-nocktrace-v0sym-legacy/runs/pass1/docker/btree/h51000f/profile.json	/shared/nockchain-ext4-bench/artifacts/runs/20260218_204624-sol-8fixtures-x2-tracy-perf-nocktrace-v0sym-legacy/runs/pass1/docker/btree/h51000f/bench.log	/shared/nockchain-ext4-bench/artifacts/runs/20260218_204624-sol-8fixtures-x2-tracy-perf-nocktrace-v0sym-legacy/runs/pass1/docker/btree/h51000f/time.txt	2030	1428	/shared/nockchain-ext4-bench/artifacts/runs/20260218_204624-sol-8fixtures-x2-tracy-perf-nocktrace-v0sym-legacy/runs/pass1/docker/btree/h51000f/perf-summary.json	/shared/nockchain-ext4-bench/artifacts/runs/20260218_204624-sol-8fixtures-x2-tracy-perf-nocktrace-v0sym-legacy/runs/pass1/docker/btree/h51000f/perf-flamegraph.svg	/shared/nockchain-ext4-bench/artifacts/runs/20260218_204624-sol-8fixtures-x2-tracy-perf-nocktrace-v0sym-legacy/runs/pass1/docker/btree/h51000f/perf-report.txt	/shared/nockchain-ext4-bench/artifacts/runs/20260218_204624-sol-8fixtures-x2-tracy-perf-nocktrace-v0sym-legacy/runs/pass1/docker/btree/h51000f/perf.folded	/shared/nockchain-ext4-bench/artifacts/runs/20260218_204624-sol-8fixtures-x2-tracy-perf-nocktrace-v0sym-legacy/runs/pass1/docker/btree/h51000f/perf.data	/shared/nockchain-ext4-bench/artifacts/runs/20260218_204624-sol-8fixtures-x2-tracy-perf-nocktrace-v0sym-legacy/runs/pass1/docker/btree/h51000f/trace.tracy	/shared/nockchain-ext4-bench/artifacts/runs/20260218_204624-sol-8fixtures-x2-tracy-perf-nocktrace-v0sym-legacy/runs/pass1/docker/btree/h51000f/trace-capture.log	2086	3	29.08	0
2	native	master	v0d	100	0	3.03	4.23	42.26	23.66	0	0	0	0	0	0	0	0	0	0	0	0	0	0:07.76	1419436	0	/shared/nockchain-ext4-bench/artifacts/runs/20260218_204624-sol-8fixtures-x2-tracy-perf-nocktrace-v0sym-legacy/runs/pass2/native/master/v0d/profile.json	/shared/nockchain-ext4-bench/artifacts/runs/20260218_204624-sol-8fixtures-x2-tracy-perf-nocktrace-v0sym-legacy/runs/pass2/native/master/v0d/bench.log	/shared/nockchain-ext4-bench/artifacts/runs/20260218_204624-sol-8fixtures-x2-tracy-perf-nocktrace-v0sym-legacy/runs/pass2/native/master/v0d/time.txt	1977	418	/shared/nockchain-ext4-bench/artifacts/runs/20260218_204624-sol-8fixtures-x2-tracy-perf-nocktrace-v0sym-legacy/runs/pass2/native/master/v0d/perf-summary.json	/shared/nockchain-ext4-bench/artifacts/runs/20260218_204624-sol-8fixtures-x2-tracy-perf-nocktrace-v0sym-legacy/runs/pass2/native/master/v0d/perf-flamegraph.svg	/shared/nockchain-ext4-bench/artifacts/runs/20260218_204624-sol-8fixtures-x2-tracy-perf-nocktrace-v0sym-legacy/runs/pass2/native/master/v0d/perf-report.txt	/shared/nockchain-ext4-bench/artifacts/runs/20260218_204624-sol-8fixtures-x2-tracy-perf-nocktrace-v0sym-legacy/runs/pass2/native/master/v0d/perf.folded	/shared/nockchain-ext4-bench/artifacts/runs/20260218_204624-sol-8fixtures-x2-tracy-perf-nocktrace-v0sym-legacy/runs/pass2/native/master/v0d/perf.data	/shared/nockchain-ext4-bench/artifacts/runs/20260218_204624-sol-8fixtures-x2-tracy-perf-nocktrace-v0sym-legacy/runs/pass2/native/master/v0d/trace.tracy	/shared/nockchain-ext4-bench/artifacts/runs/20260218_204624-sol-8fixtures-x2-tracy-perf-nocktrace-v0sym-legacy/runs/pass2/native/master/v0d/trace-capture.log	6644546	3	7.35	0
2	native	master	v0f	100	0	204.66	94.85	948.47	1.05	0	0	0	0	0	0	0	0	0	0	0	0	0	5:31.68	21200164	0	/shared/nockchain-ext4-bench/artifacts/runs/20260218_204624-sol-8fixtures-x2-tracy-perf-nocktrace-v0sym-legacy/runs/pass2/native/master/v0f/profile.json	/shared/nockchain-ext4-bench/artifacts/runs/20260218_204624-sol-8fixtures-x2-tracy-perf-nocktrace-v0sym-legacy/runs/pass2/native/master/v0f/bench.log	/shared/nockchain-ext4-bench/artifacts/runs/20260218_204624-sol-8fixtures-x2-tracy-perf-nocktrace-v0sym-legacy/runs/pass2/native/master/v0f/time.txt	61389	746	/shared/nockchain-ext4-bench/artifacts/runs/20260218_204624-sol-8fixtures-x2-tracy-perf-nocktrace-v0sym-legacy/runs/pass2/native/master/v0f/perf-summary.json	/shared/nockchain-ext4-bench/artifacts/runs/20260218_204624-sol-8fixtures-x2-tracy-perf-nocktrace-v0sym-legacy/runs/pass2/native/master/v0f/perf-flamegraph.svg	/shared/nockchain-ext4-bench/artifacts/runs/20260218_204624-sol-8fixtures-x2-tracy-perf-nocktrace-v0sym-legacy/runs/pass2/native/master/v0f/perf-report.txt	/shared/nockchain-ext4-bench/artifacts/runs/20260218_204624-sol-8fixtures-x2-tracy-perf-nocktrace-v0sym-legacy/runs/pass2/native/master/v0f/perf.folded	/shared/nockchain-ext4-bench/artifacts/runs/20260218_204624-sol-8fixtures-x2-tracy-perf-nocktrace-v0sym-legacy/runs/pass2/native/master/v0f/perf.data	/shared/nockchain-ext4-bench/artifacts/runs/20260218_204624-sol-8fixtures-x2-tracy-perf-nocktrace-v0sym-legacy/runs/pass2/native/master/v0f/trace.tracy	/shared/nockchain-ext4-bench/artifacts/runs/20260218_204624-sol-8fixtures-x2-tracy-perf-nocktrace-v0sym-legacy/runs/pass2/native/master/v0f/trace-capture.log	0	0	0	0
2	native	master	v1d	100	0	2.96	4.22	42.22	23.69	0	0	0	0	0	0	0	0	0	0	0	0	0	0:07.67	1499136	0	/shared/nockchain-ext4-bench/artifacts/runs/20260218_204624-sol-8fixtures-x2-tracy-perf-nocktrace-v0sym-legacy/runs/pass2/native/master/v1d/profile.json	/shared/nockchain-ext4-bench/artifacts/runs/20260218_204624-sol-8fixtures-x2-tracy-perf-nocktrace-v0sym-legacy/runs/pass2/native/master/v1d/bench.log	/shared/nockchain-ext4-bench/artifacts/runs/20260218_204624-sol-8fixtures-x2-tracy-perf-nocktrace-v0sym-legacy/runs/pass2/native/master/v1d/time.txt	2125	449	/shared/nockchain-ext4-bench/artifacts/runs/20260218_204624-sol-8fixtures-x2-tracy-perf-nocktrace-v0sym-legacy/runs/pass2/native/master/v1d/perf-summary.json	/shared/nockchain-ext4-bench/artifacts/runs/20260218_204624-sol-8fixtures-x2-tracy-perf-nocktrace-v0sym-legacy/runs/pass2/native/master/v1d/perf-flamegraph.svg	/shared/nockchain-ext4-bench/artifacts/runs/20260218_204624-sol-8fixtures-x2-tracy-perf-nocktrace-v0sym-legacy/runs/pass2/native/master/v1d/perf-report.txt	/shared/nockchain-ext4-bench/artifacts/runs/20260218_204624-sol-8fixtures-x2-tracy-perf-nocktrace-v0sym-legacy/runs/pass2/native/master/v1d/perf.folded	/shared/nockchain-ext4-bench/artifacts/runs/20260218_204624-sol-8fixtures-x2-tracy-perf-nocktrace-v0sym-legacy/runs/pass2/native/master/v1d/perf.data	/shared/nockchain-ext4-bench/artifacts/runs/20260218_204624-sol-8fixtures-x2-tracy-perf-nocktrace-v0sym-legacy/runs/pass2/native/master/v1d/trace.tracy	/shared/nockchain-ext4-bench/artifacts/runs/20260218_204624-sol-8fixtures-x2-tracy-perf-nocktrace-v0sym-legacy/runs/pass2/native/master/v1d/trace-capture.log	14155469	3	7.29	0
2	native	master	v1f	100	0	204.45	95.59	955.89	1.05	0	0	0	0	0	0	0	0	0	0	0	0	0	5:17.65	21198960	0	/shared/nockchain-ext4-bench/artifacts/runs/20260218_204624-sol-8fixtures-x2-tracy-perf-nocktrace-v0sym-legacy/runs/pass2/native/master/v1f/profile.json	/shared/nockchain-ext4-bench/artifacts/runs/20260218_204624-sol-8fixtures-x2-tracy-perf-nocktrace-v0sym-legacy/runs/pass2/native/master/v1f/bench.log	/shared/nockchain-ext4-bench/artifacts/runs/20260218_204624-sol-8fixtures-x2-tracy-perf-nocktrace-v0sym-legacy/runs/pass2/native/master/v1f/time.txt	61120	758	/shared/nockchain-ext4-bench/artifacts/runs/20260218_204624-sol-8fixtures-x2-tracy-perf-nocktrace-v0sym-legacy/runs/pass2/native/master/v1f/perf-summary.json	/shared/nockchain-ext4-bench/artifacts/runs/20260218_204624-sol-8fixtures-x2-tracy-perf-nocktrace-v0sym-legacy/runs/pass2/native/master/v1f/perf-flamegraph.svg	/shared/nockchain-ext4-bench/artifacts/runs/20260218_204624-sol-8fixtures-x2-tracy-perf-nocktrace-v0sym-legacy/runs/pass2/native/master/v1f/perf-report.txt	/shared/nockchain-ext4-bench/artifacts/runs/20260218_204624-sol-8fixtures-x2-tracy-perf-nocktrace-v0sym-legacy/runs/pass2/native/master/v1f/perf.folded	/shared/nockchain-ext4-bench/artifacts/runs/20260218_204624-sol-8fixtures-x2-tracy-perf-nocktrace-v0sym-legacy/runs/pass2/native/master/v1f/perf.data	/shared/nockchain-ext4-bench/artifacts/runs/20260218_204624-sol-8fixtures-x2-tracy-perf-nocktrace-v0sym-legacy/runs/pass2/native/master/v1f/trace.tracy	/shared/nockchain-ext4-bench/artifacts/runs/20260218_204624-sol-8fixtures-x2-tracy-perf-nocktrace-v0sym-legacy/runs/pass2/native/master/v1f/trace-capture.log	0	0	0	0
2	native	master	v2d	100	0	3.01	4.27	42.72	23.41	0	0	0	0	0	0	0	0	0	0	0	0	0	0:07.75	1504488	0	/shared/nockchain-ext4-bench/artifacts/runs/20260218_204624-sol-8fixtures-x2-tracy-perf-nocktrace-v0sym-legacy/runs/pass2/native/master/v2d/profile.json	/shared/nockchain-ext4-bench/artifacts/runs/20260218_204624-sol-8fixtures-x2-tracy-perf-nocktrace-v0sym-legacy/runs/pass2/native/master/v2d/bench.log	/shared/nockchain-ext4-bench/artifacts/runs/20260218_204624-sol-8fixtures-x2-tracy-perf-nocktrace-v0sym-legacy/runs/pass2/native/master/v2d/time.txt	2172	476	/shared/nockchain-ext4-bench/artifacts/runs/20260218_204624-sol-8fixtures-x2-tracy-perf-nocktrace-v0sym-legacy/runs/pass2/native/master/v2d/perf-summary.json	/shared/nockchain-ext4-bench/artifacts/runs/20260218_204624-sol-8fixtures-x2-tracy-perf-nocktrace-v0sym-legacy/runs/pass2/native/master/v2d/perf-flamegraph.svg	/shared/nockchain-ext4-bench/artifacts/runs/20260218_204624-sol-8fixtures-x2-tracy-perf-nocktrace-v0sym-legacy/runs/pass2/native/master/v2d/perf-report.txt	/shared/nockchain-ext4-bench/artifacts/runs/20260218_204624-sol-8fixtures-x2-tracy-perf-nocktrace-v0sym-legacy/runs/pass2/native/master/v2d/perf.folded	/shared/nockchain-ext4-bench/artifacts/runs/20260218_204624-sol-8fixtures-x2-tracy-perf-nocktrace-v0sym-legacy/runs/pass2/native/master/v2d/perf.data	/shared/nockchain-ext4-bench/artifacts/runs/20260218_204624-sol-8fixtures-x2-tracy-perf-nocktrace-v0sym-legacy/runs/pass2/native/master/v2d/trace.tracy	/shared/nockchain-ext4-bench/artifacts/runs/20260218_204624-sol-8fixtures-x2-tracy-perf-nocktrace-v0sym-legacy/runs/pass2/native/master/v2d/trace-capture.log	14773138	3	7.3	0
2	native	master	v2f	100	0	204.83	94.93	949.26	1.05	0	0	0	0	0	0	0	0	0	0	0	0	0	5:17.19	21197396	0	/shared/nockchain-ext4-bench/artifacts/runs/20260218_204624-sol-8fixtures-x2-tracy-perf-nocktrace-v0sym-legacy/runs/pass2/native/master/v2f/profile.json	/shared/nockchain-ext4-bench/artifacts/runs/20260218_204624-sol-8fixtures-x2-tracy-perf-nocktrace-v0sym-legacy/runs/pass2/native/master/v2f/bench.log	/shared/nockchain-ext4-bench/artifacts/runs/20260218_204624-sol-8fixtures-x2-tracy-perf-nocktrace-v0sym-legacy/runs/pass2/native/master/v2f/time.txt	61108	755	/shared/nockchain-ext4-bench/artifacts/runs/20260218_204624-sol-8fixtures-x2-tracy-perf-nocktrace-v0sym-legacy/runs/pass2/native/master/v2f/perf-summary.json	/shared/nockchain-ext4-bench/artifacts/runs/20260218_204624-sol-8fixtures-x2-tracy-perf-nocktrace-v0sym-legacy/runs/pass2/native/master/v2f/perf-flamegraph.svg	/shared/nockchain-ext4-bench/artifacts/runs/20260218_204624-sol-8fixtures-x2-tracy-perf-nocktrace-v0sym-legacy/runs/pass2/native/master/v2f/perf-report.txt	/shared/nockchain-ext4-bench/artifacts/runs/20260218_204624-sol-8fixtures-x2-tracy-perf-nocktrace-v0sym-legacy/runs/pass2/native/master/v2f/perf.folded	/shared/nockchain-ext4-bench/artifacts/runs/20260218_204624-sol-8fixtures-x2-tracy-perf-nocktrace-v0sym-legacy/runs/pass2/native/master/v2f/perf.data	/shared/nockchain-ext4-bench/artifacts/runs/20260218_204624-sol-8fixtures-x2-tracy-perf-nocktrace-v0sym-legacy/runs/pass2/native/master/v2f/trace.tracy	/shared/nockchain-ext4-bench/artifacts/runs/20260218_204624-sol-8fixtures-x2-tracy-perf-nocktrace-v0sym-legacy/runs/pass2/native/master/v2f/trace-capture.log	0	0	0	0
2	native	master	h51000d	101	0	2.94	4.30	42.55	23.50	0	0	0	0	0	0	0	0	0	0	0	0	0	0:07.77	1420092	0	/shared/nockchain-ext4-bench/artifacts/runs/20260218_204624-sol-8fixtures-x2-tracy-perf-nocktrace-v0sym-legacy/runs/pass2/native/master/h51000d/profile.json	/shared/nockchain-ext4-bench/artifacts/runs/20260218_204624-sol-8fixtures-x2-tracy-perf-nocktrace-v0sym-legacy/runs/pass2/native/master/h51000d/bench.log	/shared/nockchain-ext4-bench/artifacts/runs/20260218_204624-sol-8fixtures-x2-tracy-perf-nocktrace-v0sym-legacy/runs/pass2/native/master/h51000d/time.txt	1999	417	/shared/nockchain-ext4-bench/artifacts/runs/20260218_204624-sol-8fixtures-x2-tracy-perf-nocktrace-v0sym-legacy/runs/pass2/native/master/h51000d/perf-summary.json	/shared/nockchain-ext4-bench/artifacts/runs/20260218_204624-sol-8fixtures-x2-tracy-perf-nocktrace-v0sym-legacy/runs/pass2/native/master/h51000d/perf-flamegraph.svg	/shared/nockchain-ext4-bench/artifacts/runs/20260218_204624-sol-8fixtures-x2-tracy-perf-nocktrace-v0sym-legacy/runs/pass2/native/master/h51000d/perf-report.txt	/shared/nockchain-ext4-bench/artifacts/runs/20260218_204624-sol-8fixtures-x2-tracy-perf-nocktrace-v0sym-legacy/runs/pass2/native/master/h51000d/perf.folded	/shared/nockchain-ext4-bench/artifacts/runs/20260218_204624-sol-8fixtures-x2-tracy-perf-nocktrace-v0sym-legacy/runs/pass2/native/master/h51000d/perf.data	/shared/nockchain-ext4-bench/artifacts/runs/20260218_204624-sol-8fixtures-x2-tracy-perf-nocktrace-v0sym-legacy/runs/pass2/native/master/h51000d/trace.tracy	/shared/nockchain-ext4-bench/artifacts/runs/20260218_204624-sol-8fixtures-x2-tracy-perf-nocktrace-v0sym-legacy/runs/pass2/native/master/h51000d/trace-capture.log	6881366	3	7.36	0
2	native	master	h51000f	101	0	204.88	95.43	944.82	1.06	0	0	0	0	0	0	0	0	0	0	0	0	0	5:17.01	21219984	0	/shared/nockchain-ext4-bench/artifacts/runs/20260218_204624-sol-8fixtures-x2-tracy-perf-nocktrace-v0sym-legacy/runs/pass2/native/master/h51000f/profile.json	/shared/nockchain-ext4-bench/artifacts/runs/20260218_204624-sol-8fixtures-x2-tracy-perf-nocktrace-v0sym-legacy/runs/pass2/native/master/h51000f/bench.log	/shared/nockchain-ext4-bench/artifacts/runs/20260218_204624-sol-8fixtures-x2-tracy-perf-nocktrace-v0sym-legacy/runs/pass2/native/master/h51000f/time.txt	61281	738	/shared/nockchain-ext4-bench/artifacts/runs/20260218_204624-sol-8fixtures-x2-tracy-perf-nocktrace-v0sym-legacy/runs/pass2/native/master/h51000f/perf-summary.json	/shared/nockchain-ext4-bench/artifacts/runs/20260218_204624-sol-8fixtures-x2-tracy-perf-nocktrace-v0sym-legacy/runs/pass2/native/master/h51000f/perf-flamegraph.svg	/shared/nockchain-ext4-bench/artifacts/runs/20260218_204624-sol-8fixtures-x2-tracy-perf-nocktrace-v0sym-legacy/runs/pass2/native/master/h51000f/perf-report.txt	/shared/nockchain-ext4-bench/artifacts/runs/20260218_204624-sol-8fixtures-x2-tracy-perf-nocktrace-v0sym-legacy/runs/pass2/native/master/h51000f/perf.folded	/shared/nockchain-ext4-bench/artifacts/runs/20260218_204624-sol-8fixtures-x2-tracy-perf-nocktrace-v0sym-legacy/runs/pass2/native/master/h51000f/perf.data	/shared/nockchain-ext4-bench/artifacts/runs/20260218_204624-sol-8fixtures-x2-tracy-perf-nocktrace-v0sym-legacy/runs/pass2/native/master/h51000f/trace.tracy	/shared/nockchain-ext4-bench/artifacts/runs/20260218_204624-sol-8fixtures-x2-tracy-perf-nocktrace-v0sym-legacy/runs/pass2/native/master/h51000f/trace-capture.log	0	0	0	0
2	native	bump PMA	v0d	100	0	3.62	1.53	15.26	65.55	0	0	0	0	0	0	0	0	0	0	0	0	0	0:05.70	1564544	0	/shared/nockchain-ext4-bench/artifacts/runs/20260218_204624-sol-8fixtures-x2-tracy-perf-nocktrace-v0sym-legacy/runs/pass2/native/streaming/v0d/profile.json	/shared/nockchain-ext4-bench/artifacts/runs/20260218_204624-sol-8fixtures-x2-tracy-perf-nocktrace-v0sym-legacy/runs/pass2/native/streaming/v0d/bench.log	/shared/nockchain-ext4-bench/artifacts/runs/20260218_204624-sol-8fixtures-x2-tracy-perf-nocktrace-v0sym-legacy/runs/pass2/native/streaming/v0d/time.txt	1529	326	/shared/nockchain-ext4-bench/artifacts/runs/20260218_204624-sol-8fixtures-x2-tracy-perf-nocktrace-v0sym-legacy/runs/pass2/native/streaming/v0d/perf-summary.json	/shared/nockchain-ext4-bench/artifacts/runs/20260218_204624-sol-8fixtures-x2-tracy-perf-nocktrace-v0sym-legacy/runs/pass2/native/streaming/v0d/perf-flamegraph.svg	/shared/nockchain-ext4-bench/artifacts/runs/20260218_204624-sol-8fixtures-x2-tracy-perf-nocktrace-v0sym-legacy/runs/pass2/native/streaming/v0d/perf-report.txt	/shared/nockchain-ext4-bench/artifacts/runs/20260218_204624-sol-8fixtures-x2-tracy-perf-nocktrace-v0sym-legacy/runs/pass2/native/streaming/v0d/perf.folded	/shared/nockchain-ext4-bench/artifacts/runs/20260218_204624-sol-8fixtures-x2-tracy-perf-nocktrace-v0sym-legacy/runs/pass2/native/streaming/v0d/perf.data	/shared/nockchain-ext4-bench/artifacts/runs/20260218_204624-sol-8fixtures-x2-tracy-perf-nocktrace-v0sym-legacy/runs/pass2/native/streaming/v0d/trace.tracy	/shared/nockchain-ext4-bench/artifacts/runs/20260218_204624-sol-8fixtures-x2-tracy-perf-nocktrace-v0sym-legacy/runs/pass2/native/streaming/v0d/trace-capture.log	7515192	3	5.24	0
2	native	bump PMA	v0f	100	0	230.85	4.15	41.51	24.09	0	0	0	0	0	0	0	0	0	0	0	0	0	4:24.70	27381816	0	/shared/nockchain-ext4-bench/artifacts/runs/20260218_204624-sol-8fixtures-x2-tracy-perf-nocktrace-v0sym-legacy/runs/pass2/native/streaming/v0f/profile.json	/shared/nockchain-ext4-bench/artifacts/runs/20260218_204624-sol-8fixtures-x2-tracy-perf-nocktrace-v0sym-legacy/runs/pass2/native/streaming/v0f/bench.log	/shared/nockchain-ext4-bench/artifacts/runs/20260218_204624-sol-8fixtures-x2-tracy-perf-nocktrace-v0sym-legacy/runs/pass2/native/streaming/v0f/time.txt	48420	2332	/shared/nockchain-ext4-bench/artifacts/runs/20260218_204624-sol-8fixtures-x2-tracy-perf-nocktrace-v0sym-legacy/runs/pass2/native/streaming/v0f/perf-summary.json	/shared/nockchain-ext4-bench/artifacts/runs/20260218_204624-sol-8fixtures-x2-tracy-perf-nocktrace-v0sym-legacy/runs/pass2/native/streaming/v0f/perf-flamegraph.svg	/shared/nockchain-ext4-bench/artifacts/runs/20260218_204624-sol-8fixtures-x2-tracy-perf-nocktrace-v0sym-legacy/runs/pass2/native/streaming/v0f/perf-report.txt	/shared/nockchain-ext4-bench/artifacts/runs/20260218_204624-sol-8fixtures-x2-tracy-perf-nocktrace-v0sym-legacy/runs/pass2/native/streaming/v0f/perf.folded	/shared/nockchain-ext4-bench/artifacts/runs/20260218_204624-sol-8fixtures-x2-tracy-perf-nocktrace-v0sym-legacy/runs/pass2/native/streaming/v0f/perf.data	/shared/nockchain-ext4-bench/artifacts/runs/20260218_204624-sol-8fixtures-x2-tracy-perf-nocktrace-v0sym-legacy/runs/pass2/native/streaming/v0f/trace.tracy	/shared/nockchain-ext4-bench/artifacts/runs/20260218_204624-sol-8fixtures-x2-tracy-perf-nocktrace-v0sym-legacy/runs/pass2/native/streaming/v0f/trace-capture.log	0	0	0	0
2	native	bump PMA	v1d	100	0	3.85	1.47	14.66	68.21	0	0	0	0	0	0	0	0	0	0	0	0	0	0:06.42	1561572	0	/shared/nockchain-ext4-bench/artifacts/runs/20260218_204624-sol-8fixtures-x2-tracy-perf-nocktrace-v0sym-legacy/runs/pass2/native/streaming/v1d/profile.json	/shared/nockchain-ext4-bench/artifacts/runs/20260218_204624-sol-8fixtures-x2-tracy-perf-nocktrace-v0sym-legacy/runs/pass2/native/streaming/v1d/bench.log	/shared/nockchain-ext4-bench/artifacts/runs/20260218_204624-sol-8fixtures-x2-tracy-perf-nocktrace-v0sym-legacy/runs/pass2/native/streaming/v1d/time.txt	1557	345	/shared/nockchain-ext4-bench/artifacts/runs/20260218_204624-sol-8fixtures-x2-tracy-perf-nocktrace-v0sym-legacy/runs/pass2/native/streaming/v1d/perf-summary.json	/shared/nockchain-ext4-bench/artifacts/runs/20260218_204624-sol-8fixtures-x2-tracy-perf-nocktrace-v0sym-legacy/runs/pass2/native/streaming/v1d/perf-flamegraph.svg	/shared/nockchain-ext4-bench/artifacts/runs/20260218_204624-sol-8fixtures-x2-tracy-perf-nocktrace-v0sym-legacy/runs/pass2/native/streaming/v1d/perf-report.txt	/shared/nockchain-ext4-bench/artifacts/runs/20260218_204624-sol-8fixtures-x2-tracy-perf-nocktrace-v0sym-legacy/runs/pass2/native/streaming/v1d/perf.folded	/shared/nockchain-ext4-bench/artifacts/runs/20260218_204624-sol-8fixtures-x2-tracy-perf-nocktrace-v0sym-legacy/runs/pass2/native/streaming/v1d/perf.data	/shared/nockchain-ext4-bench/artifacts/runs/20260218_204624-sol-8fixtures-x2-tracy-perf-nocktrace-v0sym-legacy/runs/pass2/native/streaming/v1d/trace.tracy	/shared/nockchain-ext4-bench/artifacts/runs/20260218_204624-sol-8fixtures-x2-tracy-perf-nocktrace-v0sym-legacy/runs/pass2/native/streaming/v1d/trace-capture.log	7222676	3	5.87	0
2	native	bump PMA	v1f	100	0	230.82	4.01	40.12	24.92	0	0	0	0	0	0	0	0	0	0	0	0	0	4:24.11	27377960	0	/shared/nockchain-ext4-bench/artifacts/runs/20260218_204624-sol-8fixtures-x2-tracy-perf-nocktrace-v0sym-legacy/runs/pass2/native/streaming/v1f/profile.json	/shared/nockchain-ext4-bench/artifacts/runs/20260218_204624-sol-8fixtures-x2-tracy-perf-nocktrace-v0sym-legacy/runs/pass2/native/streaming/v1f/bench.log	/shared/nockchain-ext4-bench/artifacts/runs/20260218_204624-sol-8fixtures-x2-tracy-perf-nocktrace-v0sym-legacy/runs/pass2/native/streaming/v1f/time.txt	48268	2074	/shared/nockchain-ext4-bench/artifacts/runs/20260218_204624-sol-8fixtures-x2-tracy-perf-nocktrace-v0sym-legacy/runs/pass2/native/streaming/v1f/perf-summary.json	/shared/nockchain-ext4-bench/artifacts/runs/20260218_204624-sol-8fixtures-x2-tracy-perf-nocktrace-v0sym-legacy/runs/pass2/native/streaming/v1f/perf-flamegraph.svg	/shared/nockchain-ext4-bench/artifacts/runs/20260218_204624-sol-8fixtures-x2-tracy-perf-nocktrace-v0sym-legacy/runs/pass2/native/streaming/v1f/perf-report.txt	/shared/nockchain-ext4-bench/artifacts/runs/20260218_204624-sol-8fixtures-x2-tracy-perf-nocktrace-v0sym-legacy/runs/pass2/native/streaming/v1f/perf.folded	/shared/nockchain-ext4-bench/artifacts/runs/20260218_204624-sol-8fixtures-x2-tracy-perf-nocktrace-v0sym-legacy/runs/pass2/native/streaming/v1f/perf.data	/shared/nockchain-ext4-bench/artifacts/runs/20260218_204624-sol-8fixtures-x2-tracy-perf-nocktrace-v0sym-legacy/runs/pass2/native/streaming/v1f/trace.tracy	/shared/nockchain-ext4-bench/artifacts/runs/20260218_204624-sol-8fixtures-x2-tracy-perf-nocktrace-v0sym-legacy/runs/pass2/native/streaming/v1f/trace-capture.log	0	0	0	0
2	native	bump PMA	v2d	100	0	3.91	1.50	15.03	66.52	0	0	0	0	0	0	0	0	0	0	0	0	0	0:05.96	1567044	0	/shared/nockchain-ext4-bench/artifacts/runs/20260218_204624-sol-8fixtures-x2-tracy-perf-nocktrace-v0sym-legacy/runs/pass2/native/streaming/v2d/profile.json	/shared/nockchain-ext4-bench/artifacts/runs/20260218_204624-sol-8fixtures-x2-tracy-perf-nocktrace-v0sym-legacy/runs/pass2/native/streaming/v2d/bench.log	/shared/nockchain-ext4-bench/artifacts/runs/20260218_204624-sol-8fixtures-x2-tracy-perf-nocktrace-v0sym-legacy/runs/pass2/native/streaming/v2d/time.txt	1648	331	/shared/nockchain-ext4-bench/artifacts/runs/20260218_204624-sol-8fixtures-x2-tracy-perf-nocktrace-v0sym-legacy/runs/pass2/native/streaming/v2d/perf-summary.json	/shared/nockchain-ext4-bench/artifacts/runs/20260218_204624-sol-8fixtures-x2-tracy-perf-nocktrace-v0sym-legacy/runs/pass2/native/streaming/v2d/perf-flamegraph.svg	/shared/nockchain-ext4-bench/artifacts/runs/20260218_204624-sol-8fixtures-x2-tracy-perf-nocktrace-v0sym-legacy/runs/pass2/native/streaming/v2d/perf-report.txt	/shared/nockchain-ext4-bench/artifacts/runs/20260218_204624-sol-8fixtures-x2-tracy-perf-nocktrace-v0sym-legacy/runs/pass2/native/streaming/v2d/perf.folded	/shared/nockchain-ext4-bench/artifacts/runs/20260218_204624-sol-8fixtures-x2-tracy-perf-nocktrace-v0sym-legacy/runs/pass2/native/streaming/v2d/perf.data	/shared/nockchain-ext4-bench/artifacts/runs/20260218_204624-sol-8fixtures-x2-tracy-perf-nocktrace-v0sym-legacy/runs/pass2/native/streaming/v2d/trace.tracy	/shared/nockchain-ext4-bench/artifacts/runs/20260218_204624-sol-8fixtures-x2-tracy-perf-nocktrace-v0sym-legacy/runs/pass2/native/streaming/v2d/trace-capture.log	7666484	3	5.55	0
2	native	bump PMA	v2f	100	0	231.05	4.11	41.08	24.34	0	0	0	0	0	0	0	0	0	0	0	0	0	4:13.28	27383920	0	/shared/nockchain-ext4-bench/artifacts/runs/20260218_204624-sol-8fixtures-x2-tracy-perf-nocktrace-v0sym-legacy/runs/pass2/native/streaming/v2f/profile.json	/shared/nockchain-ext4-bench/artifacts/runs/20260218_204624-sol-8fixtures-x2-tracy-perf-nocktrace-v0sym-legacy/runs/pass2/native/streaming/v2f/bench.log	/shared/nockchain-ext4-bench/artifacts/runs/20260218_204624-sol-8fixtures-x2-tracy-perf-nocktrace-v0sym-legacy/runs/pass2/native/streaming/v2f/time.txt	48230	2114	/shared/nockchain-ext4-bench/artifacts/runs/20260218_204624-sol-8fixtures-x2-tracy-perf-nocktrace-v0sym-legacy/runs/pass2/native/streaming/v2f/perf-summary.json	/shared/nockchain-ext4-bench/artifacts/runs/20260218_204624-sol-8fixtures-x2-tracy-perf-nocktrace-v0sym-legacy/runs/pass2/native/streaming/v2f/perf-flamegraph.svg	/shared/nockchain-ext4-bench/artifacts/runs/20260218_204624-sol-8fixtures-x2-tracy-perf-nocktrace-v0sym-legacy/runs/pass2/native/streaming/v2f/perf-report.txt	/shared/nockchain-ext4-bench/artifacts/runs/20260218_204624-sol-8fixtures-x2-tracy-perf-nocktrace-v0sym-legacy/runs/pass2/native/streaming/v2f/perf.folded	/shared/nockchain-ext4-bench/artifacts/runs/20260218_204624-sol-8fixtures-x2-tracy-perf-nocktrace-v0sym-legacy/runs/pass2/native/streaming/v2f/perf.data	/shared/nockchain-ext4-bench/artifacts/runs/20260218_204624-sol-8fixtures-x2-tracy-perf-nocktrace-v0sym-legacy/runs/pass2/native/streaming/v2f/trace.tracy	/shared/nockchain-ext4-bench/artifacts/runs/20260218_204624-sol-8fixtures-x2-tracy-perf-nocktrace-v0sym-legacy/runs/pass2/native/streaming/v2f/trace-capture.log	0	0	0	0
2	native	bump PMA	h51000d	101	0	3.84	1.49	14.71	68.00	0	0	0	0	0	0	0	0	0	0	0	0	0	0:06.58	1562196	0	/shared/nockchain-ext4-bench/artifacts/runs/20260218_204624-sol-8fixtures-x2-tracy-perf-nocktrace-v0sym-legacy/runs/pass2/native/streaming/h51000d/profile.json	/shared/nockchain-ext4-bench/artifacts/runs/20260218_204624-sol-8fixtures-x2-tracy-perf-nocktrace-v0sym-legacy/runs/pass2/native/streaming/h51000d/bench.log	/shared/nockchain-ext4-bench/artifacts/runs/20260218_204624-sol-8fixtures-x2-tracy-perf-nocktrace-v0sym-legacy/runs/pass2/native/streaming/h51000d/time.txt	1752	373	/shared/nockchain-ext4-bench/artifacts/runs/20260218_204624-sol-8fixtures-x2-tracy-perf-nocktrace-v0sym-legacy/runs/pass2/native/streaming/h51000d/perf-summary.json	/shared/nockchain-ext4-bench/artifacts/runs/20260218_204624-sol-8fixtures-x2-tracy-perf-nocktrace-v0sym-legacy/runs/pass2/native/streaming/h51000d/perf-flamegraph.svg	/shared/nockchain-ext4-bench/artifacts/runs/20260218_204624-sol-8fixtures-x2-tracy-perf-nocktrace-v0sym-legacy/runs/pass2/native/streaming/h51000d/perf-report.txt	/shared/nockchain-ext4-bench/artifacts/runs/20260218_204624-sol-8fixtures-x2-tracy-perf-nocktrace-v0sym-legacy/runs/pass2/native/streaming/h51000d/perf.folded	/shared/nockchain-ext4-bench/artifacts/runs/20260218_204624-sol-8fixtures-x2-tracy-perf-nocktrace-v0sym-legacy/runs/pass2/native/streaming/h51000d/perf.data	/shared/nockchain-ext4-bench/artifacts/runs/20260218_204624-sol-8fixtures-x2-tracy-perf-nocktrace-v0sym-legacy/runs/pass2/native/streaming/h51000d/trace.tracy	/shared/nockchain-ext4-bench/artifacts/runs/20260218_204624-sol-8fixtures-x2-tracy-perf-nocktrace-v0sym-legacy/runs/pass2/native/streaming/h51000d/trace-capture.log	7367921	3	5.96	0
2	native	bump PMA	h51000f	101	0	231.24	3.97	39.28	25.46	0	0	0	0	0	0	0	0	0	0	0	0	0	4:22.12	27405344	0	/shared/nockchain-ext4-bench/artifacts/runs/20260218_204624-sol-8fixtures-x2-tracy-perf-nocktrace-v0sym-legacy/runs/pass2/native/streaming/h51000f/profile.json	/shared/nockchain-ext4-bench/artifacts/runs/20260218_204624-sol-8fixtures-x2-tracy-perf-nocktrace-v0sym-legacy/runs/pass2/native/streaming/h51000f/bench.log	/shared/nockchain-ext4-bench/artifacts/runs/20260218_204624-sol-8fixtures-x2-tracy-perf-nocktrace-v0sym-legacy/runs/pass2/native/streaming/h51000f/time.txt	48564	2326	/shared/nockchain-ext4-bench/artifacts/runs/20260218_204624-sol-8fixtures-x2-tracy-perf-nocktrace-v0sym-legacy/runs/pass2/native/streaming/h51000f/perf-summary.json	/shared/nockchain-ext4-bench/artifacts/runs/20260218_204624-sol-8fixtures-x2-tracy-perf-nocktrace-v0sym-legacy/runs/pass2/native/streaming/h51000f/perf-flamegraph.svg	/shared/nockchain-ext4-bench/artifacts/runs/20260218_204624-sol-8fixtures-x2-tracy-perf-nocktrace-v0sym-legacy/runs/pass2/native/streaming/h51000f/perf-report.txt	/shared/nockchain-ext4-bench/artifacts/runs/20260218_204624-sol-8fixtures-x2-tracy-perf-nocktrace-v0sym-legacy/runs/pass2/native/streaming/h51000f/perf.folded	/shared/nockchain-ext4-bench/artifacts/runs/20260218_204624-sol-8fixtures-x2-tracy-perf-nocktrace-v0sym-legacy/runs/pass2/native/streaming/h51000f/perf.data	/shared/nockchain-ext4-bench/artifacts/runs/20260218_204624-sol-8fixtures-x2-tracy-perf-nocktrace-v0sym-legacy/runs/pass2/native/streaming/h51000f/trace.tracy	/shared/nockchain-ext4-bench/artifacts/runs/20260218_204624-sol-8fixtures-x2-tracy-perf-nocktrace-v0sym-legacy/runs/pass2/native/streaming/h51000f/trace-capture.log	0	0	0	0
2	native	btree	v0d	100	0	3.72	1.53	15.34	65.20	0	0	0	0	0	0	0	0	0	0	0	0	0	0:06.08	1689300	0	/shared/nockchain-ext4-bench/artifacts/runs/20260218_204624-sol-8fixtures-x2-tracy-perf-nocktrace-v0sym-legacy/runs/pass2/native/btree/v0d/profile.json	/shared/nockchain-ext4-bench/artifacts/runs/20260218_204624-sol-8fixtures-x2-tracy-perf-nocktrace-v0sym-legacy/runs/pass2/native/btree/v0d/bench.log	/shared/nockchain-ext4-bench/artifacts/runs/20260218_204624-sol-8fixtures-x2-tracy-perf-nocktrace-v0sym-legacy/runs/pass2/native/btree/v0d/time.txt	1605	331	/shared/nockchain-ext4-bench/artifacts/runs/20260218_204624-sol-8fixtures-x2-tracy-perf-nocktrace-v0sym-legacy/runs/pass2/native/btree/v0d/perf-summary.json	/shared/nockchain-ext4-bench/artifacts/runs/20260218_204624-sol-8fixtures-x2-tracy-perf-nocktrace-v0sym-legacy/runs/pass2/native/btree/v0d/perf-flamegraph.svg	/shared/nockchain-ext4-bench/artifacts/runs/20260218_204624-sol-8fixtures-x2-tracy-perf-nocktrace-v0sym-legacy/runs/pass2/native/btree/v0d/perf-report.txt	/shared/nockchain-ext4-bench/artifacts/runs/20260218_204624-sol-8fixtures-x2-tracy-perf-nocktrace-v0sym-legacy/runs/pass2/native/btree/v0d/perf.folded	/shared/nockchain-ext4-bench/artifacts/runs/20260218_204624-sol-8fixtures-x2-tracy-perf-nocktrace-v0sym-legacy/runs/pass2/native/btree/v0d/perf.data	/shared/nockchain-ext4-bench/artifacts/runs/20260218_204624-sol-8fixtures-x2-tracy-perf-nocktrace-v0sym-legacy/runs/pass2/native/btree/v0d/trace.tracy	/shared/nockchain-ext4-bench/artifacts/runs/20260218_204624-sol-8fixtures-x2-tracy-perf-nocktrace-v0sym-legacy/runs/pass2/native/btree/v0d/trace-capture.log	7202367	3	5.34	0
2	native	btree	v0f	100	0	228.53	4.08	40.82	24.50	0	0	0	0	0	0	0	0	0	0	0	0	0	4:18.85	27376160	0	/shared/nockchain-ext4-bench/artifacts/runs/20260218_204624-sol-8fixtures-x2-tracy-perf-nocktrace-v0sym-legacy/runs/pass2/native/btree/v0f/profile.json	/shared/nockchain-ext4-bench/artifacts/runs/20260218_204624-sol-8fixtures-x2-tracy-perf-nocktrace-v0sym-legacy/runs/pass2/native/btree/v0f/bench.log	/shared/nockchain-ext4-bench/artifacts/runs/20260218_204624-sol-8fixtures-x2-tracy-perf-nocktrace-v0sym-legacy/runs/pass2/native/btree/v0f/time.txt	47849	2212	/shared/nockchain-ext4-bench/artifacts/runs/20260218_204624-sol-8fixtures-x2-tracy-perf-nocktrace-v0sym-legacy/runs/pass2/native/btree/v0f/perf-summary.json	/shared/nockchain-ext4-bench/artifacts/runs/20260218_204624-sol-8fixtures-x2-tracy-perf-nocktrace-v0sym-legacy/runs/pass2/native/btree/v0f/perf-flamegraph.svg	/shared/nockchain-ext4-bench/artifacts/runs/20260218_204624-sol-8fixtures-x2-tracy-perf-nocktrace-v0sym-legacy/runs/pass2/native/btree/v0f/perf-report.txt	/shared/nockchain-ext4-bench/artifacts/runs/20260218_204624-sol-8fixtures-x2-tracy-perf-nocktrace-v0sym-legacy/runs/pass2/native/btree/v0f/perf.folded	/shared/nockchain-ext4-bench/artifacts/runs/20260218_204624-sol-8fixtures-x2-tracy-perf-nocktrace-v0sym-legacy/runs/pass2/native/btree/v0f/perf.data	/shared/nockchain-ext4-bench/artifacts/runs/20260218_204624-sol-8fixtures-x2-tracy-perf-nocktrace-v0sym-legacy/runs/pass2/native/btree/v0f/trace.tracy	/shared/nockchain-ext4-bench/artifacts/runs/20260218_204624-sol-8fixtures-x2-tracy-perf-nocktrace-v0sym-legacy/runs/pass2/native/btree/v0f/trace-capture.log	0	0	0	0
2	native	btree	v1d	100	0	3.98	1.59	15.94	62.72	0	0	0	0	0	0	0	0	0	0	0	0	0	0:06.15	1689632	0	/shared/nockchain-ext4-bench/artifacts/runs/20260218_204624-sol-8fixtures-x2-tracy-perf-nocktrace-v0sym-legacy/runs/pass2/native/btree/v1d/profile.json	/shared/nockchain-ext4-bench/artifacts/runs/20260218_204624-sol-8fixtures-x2-tracy-perf-nocktrace-v0sym-legacy/runs/pass2/native/btree/v1d/bench.log	/shared/nockchain-ext4-bench/artifacts/runs/20260218_204624-sol-8fixtures-x2-tracy-perf-nocktrace-v0sym-legacy/runs/pass2/native/btree/v1d/time.txt	1698	353	/shared/nockchain-ext4-bench/artifacts/runs/20260218_204624-sol-8fixtures-x2-tracy-perf-nocktrace-v0sym-legacy/runs/pass2/native/btree/v1d/perf-summary.json	/shared/nockchain-ext4-bench/artifacts/runs/20260218_204624-sol-8fixtures-x2-tracy-perf-nocktrace-v0sym-legacy/runs/pass2/native/btree/v1d/perf-flamegraph.svg	/shared/nockchain-ext4-bench/artifacts/runs/20260218_204624-sol-8fixtures-x2-tracy-perf-nocktrace-v0sym-legacy/runs/pass2/native/btree/v1d/perf-report.txt	/shared/nockchain-ext4-bench/artifacts/runs/20260218_204624-sol-8fixtures-x2-tracy-perf-nocktrace-v0sym-legacy/runs/pass2/native/btree/v1d/perf.folded	/shared/nockchain-ext4-bench/artifacts/runs/20260218_204624-sol-8fixtures-x2-tracy-perf-nocktrace-v0sym-legacy/runs/pass2/native/btree/v1d/perf.data	/shared/nockchain-ext4-bench/artifacts/runs/20260218_204624-sol-8fixtures-x2-tracy-perf-nocktrace-v0sym-legacy/runs/pass2/native/btree/v1d/trace.tracy	/shared/nockchain-ext4-bench/artifacts/runs/20260218_204624-sol-8fixtures-x2-tracy-perf-nocktrace-v0sym-legacy/runs/pass2/native/btree/v1d/trace-capture.log	7456359	3	5.66	0
2	native	btree	v1f	100	0	228.56	4.15	41.50	24.10	0	0	0	0	0	0	0	0	0	0	0	0	0	4:13.78	27374568	0	/shared/nockchain-ext4-bench/artifacts/runs/20260218_204624-sol-8fixtures-x2-tracy-perf-nocktrace-v0sym-legacy/runs/pass2/native/btree/v1f/profile.json	/shared/nockchain-ext4-bench/artifacts/runs/20260218_204624-sol-8fixtures-x2-tracy-perf-nocktrace-v0sym-legacy/runs/pass2/native/btree/v1f/bench.log	/shared/nockchain-ext4-bench/artifacts/runs/20260218_204624-sol-8fixtures-x2-tracy-perf-nocktrace-v0sym-legacy/runs/pass2/native/btree/v1f/time.txt	47688	2211	/shared/nockchain-ext4-bench/artifacts/runs/20260218_204624-sol-8fixtures-x2-tracy-perf-nocktrace-v0sym-legacy/runs/pass2/native/btree/v1f/perf-summary.json	/shared/nockchain-ext4-bench/artifacts/runs/20260218_204624-sol-8fixtures-x2-tracy-perf-nocktrace-v0sym-legacy/runs/pass2/native/btree/v1f/perf-flamegraph.svg	/shared/nockchain-ext4-bench/artifacts/runs/20260218_204624-sol-8fixtures-x2-tracy-perf-nocktrace-v0sym-legacy/runs/pass2/native/btree/v1f/perf-report.txt	/shared/nockchain-ext4-bench/artifacts/runs/20260218_204624-sol-8fixtures-x2-tracy-perf-nocktrace-v0sym-legacy/runs/pass2/native/btree/v1f/perf.folded	/shared/nockchain-ext4-bench/artifacts/runs/20260218_204624-sol-8fixtures-x2-tracy-perf-nocktrace-v0sym-legacy/runs/pass2/native/btree/v1f/perf.data	/shared/nockchain-ext4-bench/artifacts/runs/20260218_204624-sol-8fixtures-x2-tracy-perf-nocktrace-v0sym-legacy/runs/pass2/native/btree/v1f/trace.tracy	/shared/nockchain-ext4-bench/artifacts/runs/20260218_204624-sol-8fixtures-x2-tracy-perf-nocktrace-v0sym-legacy/runs/pass2/native/btree/v1f/trace-capture.log	0	0	0	0
2	native	btree	v2d	100	0	3.98	1.52	15.20	65.79	0	0	0	0	0	0	0	0	0	0	0	0	0	0:06.15	1688556	0	/shared/nockchain-ext4-bench/artifacts/runs/20260218_204624-sol-8fixtures-x2-tracy-perf-nocktrace-v0sym-legacy/runs/pass2/native/btree/v2d/profile.json	/shared/nockchain-ext4-bench/artifacts/runs/20260218_204624-sol-8fixtures-x2-tracy-perf-nocktrace-v0sym-legacy/runs/pass2/native/btree/v2d/bench.log	/shared/nockchain-ext4-bench/artifacts/runs/20260218_204624-sol-8fixtures-x2-tracy-perf-nocktrace-v0sym-legacy/runs/pass2/native/btree/v2d/time.txt	1738	335	/shared/nockchain-ext4-bench/artifacts/runs/20260218_204624-sol-8fixtures-x2-tracy-perf-nocktrace-v0sym-legacy/runs/pass2/native/btree/v2d/perf-summary.json	/shared/nockchain-ext4-bench/artifacts/runs/20260218_204624-sol-8fixtures-x2-tracy-perf-nocktrace-v0sym-legacy/runs/pass2/native/btree/v2d/perf-flamegraph.svg	/shared/nockchain-ext4-bench/artifacts/runs/20260218_204624-sol-8fixtures-x2-tracy-perf-nocktrace-v0sym-legacy/runs/pass2/native/btree/v2d/perf-report.txt	/shared/nockchain-ext4-bench/artifacts/runs/20260218_204624-sol-8fixtures-x2-tracy-perf-nocktrace-v0sym-legacy/runs/pass2/native/btree/v2d/perf.folded	/shared/nockchain-ext4-bench/artifacts/runs/20260218_204624-sol-8fixtures-x2-tracy-perf-nocktrace-v0sym-legacy/runs/pass2/native/btree/v2d/perf.data	/shared/nockchain-ext4-bench/artifacts/runs/20260218_204624-sol-8fixtures-x2-tracy-perf-nocktrace-v0sym-legacy/runs/pass2/native/btree/v2d/trace.tracy	/shared/nockchain-ext4-bench/artifacts/runs/20260218_204624-sol-8fixtures-x2-tracy-perf-nocktrace-v0sym-legacy/runs/pass2/native/btree/v2d/trace-capture.log	7330317	3	5.66	0
2	native	btree	v2f	100	0	228.98	4.09	40.93	24.43	0	0	0	0	0	0	0	0	0	0	0	0	0	4:12.59	27373860	0	/shared/nockchain-ext4-bench/artifacts/runs/20260218_204624-sol-8fixtures-x2-tracy-perf-nocktrace-v0sym-legacy/runs/pass2/native/btree/v2f/profile.json	/shared/nockchain-ext4-bench/artifacts/runs/20260218_204624-sol-8fixtures-x2-tracy-perf-nocktrace-v0sym-legacy/runs/pass2/native/btree/v2f/bench.log	/shared/nockchain-ext4-bench/artifacts/runs/20260218_204624-sol-8fixtures-x2-tracy-perf-nocktrace-v0sym-legacy/runs/pass2/native/btree/v2f/time.txt	48035	2431	/shared/nockchain-ext4-bench/artifacts/runs/20260218_204624-sol-8fixtures-x2-tracy-perf-nocktrace-v0sym-legacy/runs/pass2/native/btree/v2f/perf-summary.json	/shared/nockchain-ext4-bench/artifacts/runs/20260218_204624-sol-8fixtures-x2-tracy-perf-nocktrace-v0sym-legacy/runs/pass2/native/btree/v2f/perf-flamegraph.svg	/shared/nockchain-ext4-bench/artifacts/runs/20260218_204624-sol-8fixtures-x2-tracy-perf-nocktrace-v0sym-legacy/runs/pass2/native/btree/v2f/perf-report.txt	/shared/nockchain-ext4-bench/artifacts/runs/20260218_204624-sol-8fixtures-x2-tracy-perf-nocktrace-v0sym-legacy/runs/pass2/native/btree/v2f/perf.folded	/shared/nockchain-ext4-bench/artifacts/runs/20260218_204624-sol-8fixtures-x2-tracy-perf-nocktrace-v0sym-legacy/runs/pass2/native/btree/v2f/perf.data	/shared/nockchain-ext4-bench/artifacts/runs/20260218_204624-sol-8fixtures-x2-tracy-perf-nocktrace-v0sym-legacy/runs/pass2/native/btree/v2f/trace.tracy	/shared/nockchain-ext4-bench/artifacts/runs/20260218_204624-sol-8fixtures-x2-tracy-perf-nocktrace-v0sym-legacy/runs/pass2/native/btree/v2f/trace-capture.log	0	0	0	0
2	native	btree	h51000d	101	0	4.03	1.55	15.31	65.32	0	0	0	0	0	0	0	0	0	0	0	0	0	0:06.14	1688952	0	/shared/nockchain-ext4-bench/artifacts/runs/20260218_204624-sol-8fixtures-x2-tracy-perf-nocktrace-v0sym-legacy/runs/pass2/native/btree/h51000d/profile.json	/shared/nockchain-ext4-bench/artifacts/runs/20260218_204624-sol-8fixtures-x2-tracy-perf-nocktrace-v0sym-legacy/runs/pass2/native/btree/h51000d/bench.log	/shared/nockchain-ext4-bench/artifacts/runs/20260218_204624-sol-8fixtures-x2-tracy-perf-nocktrace-v0sym-legacy/runs/pass2/native/btree/h51000d/time.txt	1676	347	/shared/nockchain-ext4-bench/artifacts/runs/20260218_204624-sol-8fixtures-x2-tracy-perf-nocktrace-v0sym-legacy/runs/pass2/native/btree/h51000d/perf-summary.json	/shared/nockchain-ext4-bench/artifacts/runs/20260218_204624-sol-8fixtures-x2-tracy-perf-nocktrace-v0sym-legacy/runs/pass2/native/btree/h51000d/perf-flamegraph.svg	/shared/nockchain-ext4-bench/artifacts/runs/20260218_204624-sol-8fixtures-x2-tracy-perf-nocktrace-v0sym-legacy/runs/pass2/native/btree/h51000d/perf-report.txt	/shared/nockchain-ext4-bench/artifacts/runs/20260218_204624-sol-8fixtures-x2-tracy-perf-nocktrace-v0sym-legacy/runs/pass2/native/btree/h51000d/perf.folded	/shared/nockchain-ext4-bench/artifacts/runs/20260218_204624-sol-8fixtures-x2-tracy-perf-nocktrace-v0sym-legacy/runs/pass2/native/btree/h51000d/perf.data	/shared/nockchain-ext4-bench/artifacts/runs/20260218_204624-sol-8fixtures-x2-tracy-perf-nocktrace-v0sym-legacy/runs/pass2/native/btree/h51000d/trace.tracy	/shared/nockchain-ext4-bench/artifacts/runs/20260218_204624-sol-8fixtures-x2-tracy-perf-nocktrace-v0sym-legacy/runs/pass2/native/btree/h51000d/trace-capture.log	7077642	3	5.64	0
2	native	btree	h51000f	101	0	229.59	6.56	64.91	15.40	0	0	0	0	0	0	0	0	0	0	0	0	0	4:21.81	27403012	0	/shared/nockchain-ext4-bench/artifacts/runs/20260218_204624-sol-8fixtures-x2-tracy-perf-nocktrace-v0sym-legacy/runs/pass2/native/btree/h51000f/profile.json	/shared/nockchain-ext4-bench/artifacts/runs/20260218_204624-sol-8fixtures-x2-tracy-perf-nocktrace-v0sym-legacy/runs/pass2/native/btree/h51000f/bench.log	/shared/nockchain-ext4-bench/artifacts/runs/20260218_204624-sol-8fixtures-x2-tracy-perf-nocktrace-v0sym-legacy/runs/pass2/native/btree/h51000f/time.txt	48202	2424	/shared/nockchain-ext4-bench/artifacts/runs/20260218_204624-sol-8fixtures-x2-tracy-perf-nocktrace-v0sym-legacy/runs/pass2/native/btree/h51000f/perf-summary.json	/shared/nockchain-ext4-bench/artifacts/runs/20260218_204624-sol-8fixtures-x2-tracy-perf-nocktrace-v0sym-legacy/runs/pass2/native/btree/h51000f/perf-flamegraph.svg	/shared/nockchain-ext4-bench/artifacts/runs/20260218_204624-sol-8fixtures-x2-tracy-perf-nocktrace-v0sym-legacy/runs/pass2/native/btree/h51000f/perf-report.txt	/shared/nockchain-ext4-bench/artifacts/runs/20260218_204624-sol-8fixtures-x2-tracy-perf-nocktrace-v0sym-legacy/runs/pass2/native/btree/h51000f/perf.folded	/shared/nockchain-ext4-bench/artifacts/runs/20260218_204624-sol-8fixtures-x2-tracy-perf-nocktrace-v0sym-legacy/runs/pass2/native/btree/h51000f/perf.data	/shared/nockchain-ext4-bench/artifacts/runs/20260218_204624-sol-8fixtures-x2-tracy-perf-nocktrace-v0sym-legacy/runs/pass2/native/btree/h51000f/trace.tracy	/shared/nockchain-ext4-bench/artifacts/runs/20260218_204624-sol-8fixtures-x2-tracy-perf-nocktrace-v0sym-legacy/runs/pass2/native/btree/h51000f/trace-capture.log	0	0	0	0
2	docker	master	v0d	100	0	2.51	3.73	37.27	26.83	0	0	0	0	0	0	0	0	0	0	0	0	0	0:07.03	27928	0	/shared/nockchain-ext4-bench/artifacts/runs/20260218_204624-sol-8fixtures-x2-tracy-perf-nocktrace-v0sym-legacy/runs/pass2/docker/master/v0d/profile.json	/shared/nockchain-ext4-bench/artifacts/runs/20260218_204624-sol-8fixtures-x2-tracy-perf-nocktrace-v0sym-legacy/runs/pass2/docker/master/v0d/bench.log	/shared/nockchain-ext4-bench/artifacts/runs/20260218_204624-sol-8fixtures-x2-tracy-perf-nocktrace-v0sym-legacy/runs/pass2/docker/master/v0d/time.txt	1563	603	/shared/nockchain-ext4-bench/artifacts/runs/20260218_204624-sol-8fixtures-x2-tracy-perf-nocktrace-v0sym-legacy/runs/pass2/docker/master/v0d/perf-summary.json	/shared/nockchain-ext4-bench/artifacts/runs/20260218_204624-sol-8fixtures-x2-tracy-perf-nocktrace-v0sym-legacy/runs/pass2/docker/master/v0d/perf-flamegraph.svg	/shared/nockchain-ext4-bench/artifacts/runs/20260218_204624-sol-8fixtures-x2-tracy-perf-nocktrace-v0sym-legacy/runs/pass2/docker/master/v0d/perf-report.txt	/shared/nockchain-ext4-bench/artifacts/runs/20260218_204624-sol-8fixtures-x2-tracy-perf-nocktrace-v0sym-legacy/runs/pass2/docker/master/v0d/perf.folded	/shared/nockchain-ext4-bench/artifacts/runs/20260218_204624-sol-8fixtures-x2-tracy-perf-nocktrace-v0sym-legacy/runs/pass2/docker/master/v0d/perf.data	/shared/nockchain-ext4-bench/artifacts/runs/20260218_204624-sol-8fixtures-x2-tracy-perf-nocktrace-v0sym-legacy/runs/pass2/docker/master/v0d/trace.tracy	/shared/nockchain-ext4-bench/artifacts/runs/20260218_204624-sol-8fixtures-x2-tracy-perf-nocktrace-v0sym-legacy/runs/pass2/docker/master/v0d/trace-capture.log	801	3	6.36	0
2	docker	master	v0f								0	0	0	0	0	0	0	0	0	0	0	0	0:32.36	28536	137	/shared/nockchain-ext4-bench/artifacts/runs/20260218_204624-sol-8fixtures-x2-tracy-perf-nocktrace-v0sym-legacy/runs/pass2/docker/master/v0f/profile.json	/shared/nockchain-ext4-bench/artifacts/runs/20260218_204624-sol-8fixtures-x2-tracy-perf-nocktrace-v0sym-legacy/runs/pass2/docker/master/v0f/bench.log	/shared/nockchain-ext4-bench/artifacts/runs/20260218_204624-sol-8fixtures-x2-tracy-perf-nocktrace-v0sym-legacy/runs/pass2/docker/master/v0f/time.txt	2064	143	/shared/nockchain-ext4-bench/artifacts/runs/20260218_204624-sol-8fixtures-x2-tracy-perf-nocktrace-v0sym-legacy/runs/pass2/docker/master/v0f/perf-summary.json	/shared/nockchain-ext4-bench/artifacts/runs/20260218_204624-sol-8fixtures-x2-tracy-perf-nocktrace-v0sym-legacy/runs/pass2/docker/master/v0f/perf-flamegraph.svg	/shared/nockchain-ext4-bench/artifacts/runs/20260218_204624-sol-8fixtures-x2-tracy-perf-nocktrace-v0sym-legacy/runs/pass2/docker/master/v0f/perf-report.txt	/shared/nockchain-ext4-bench/artifacts/runs/20260218_204624-sol-8fixtures-x2-tracy-perf-nocktrace-v0sym-legacy/runs/pass2/docker/master/v0f/perf.folded	/shared/nockchain-ext4-bench/artifacts/runs/20260218_204624-sol-8fixtures-x2-tracy-perf-nocktrace-v0sym-legacy/runs/pass2/docker/master/v0f/perf.data	/shared/nockchain-ext4-bench/artifacts/runs/20260218_204624-sol-8fixtures-x2-tracy-perf-nocktrace-v0sym-legacy/runs/pass2/docker/master/v0f/trace.tracy	/shared/nockchain-ext4-bench/artifacts/runs/20260218_204624-sol-8fixtures-x2-tracy-perf-nocktrace-v0sym-legacy/runs/pass2/docker/master/v0f/trace-capture.log	2365	3	30.71	0
2	docker	master	v1d	100	0	2.63	3.86	38.60	25.91	0	0	0	0	0	0	0	0	0	0	0	0	0	0:07.04	26876	0	/shared/nockchain-ext4-bench/artifacts/runs/20260218_204624-sol-8fixtures-x2-tracy-perf-nocktrace-v0sym-legacy/runs/pass2/docker/master/v1d/profile.json	/shared/nockchain-ext4-bench/artifacts/runs/20260218_204624-sol-8fixtures-x2-tracy-perf-nocktrace-v0sym-legacy/runs/pass2/docker/master/v1d/bench.log	/shared/nockchain-ext4-bench/artifacts/runs/20260218_204624-sol-8fixtures-x2-tracy-perf-nocktrace-v0sym-legacy/runs/pass2/docker/master/v1d/time.txt	1597	620	/shared/nockchain-ext4-bench/artifacts/runs/20260218_204624-sol-8fixtures-x2-tracy-perf-nocktrace-v0sym-legacy/runs/pass2/docker/master/v1d/perf-summary.json	/shared/nockchain-ext4-bench/artifacts/runs/20260218_204624-sol-8fixtures-x2-tracy-perf-nocktrace-v0sym-legacy/runs/pass2/docker/master/v1d/perf-flamegraph.svg	/shared/nockchain-ext4-bench/artifacts/runs/20260218_204624-sol-8fixtures-x2-tracy-perf-nocktrace-v0sym-legacy/runs/pass2/docker/master/v1d/perf-report.txt	/shared/nockchain-ext4-bench/artifacts/runs/20260218_204624-sol-8fixtures-x2-tracy-perf-nocktrace-v0sym-legacy/runs/pass2/docker/master/v1d/perf.folded	/shared/nockchain-ext4-bench/artifacts/runs/20260218_204624-sol-8fixtures-x2-tracy-perf-nocktrace-v0sym-legacy/runs/pass2/docker/master/v1d/perf.data	/shared/nockchain-ext4-bench/artifacts/runs/20260218_204624-sol-8fixtures-x2-tracy-perf-nocktrace-v0sym-legacy/runs/pass2/docker/master/v1d/trace.tracy	/shared/nockchain-ext4-bench/artifacts/runs/20260218_204624-sol-8fixtures-x2-tracy-perf-nocktrace-v0sym-legacy/runs/pass2/docker/master/v1d/trace-capture.log	868	3	6.57	0
2	docker	master	v1f								0	0	0	0	0	0	0	0	0	0	0	0	0:25.45	27484	137	/shared/nockchain-ext4-bench/artifacts/runs/20260218_204624-sol-8fixtures-x2-tracy-perf-nocktrace-v0sym-legacy/runs/pass2/docker/master/v1f/profile.json	/shared/nockchain-ext4-bench/artifacts/runs/20260218_204624-sol-8fixtures-x2-tracy-perf-nocktrace-v0sym-legacy/runs/pass2/docker/master/v1f/bench.log	/shared/nockchain-ext4-bench/artifacts/runs/20260218_204624-sol-8fixtures-x2-tracy-perf-nocktrace-v0sym-legacy/runs/pass2/docker/master/v1f/time.txt	2172	118	/shared/nockchain-ext4-bench/artifacts/runs/20260218_204624-sol-8fixtures-x2-tracy-perf-nocktrace-v0sym-legacy/runs/pass2/docker/master/v1f/perf-summary.json	/shared/nockchain-ext4-bench/artifacts/runs/20260218_204624-sol-8fixtures-x2-tracy-perf-nocktrace-v0sym-legacy/runs/pass2/docker/master/v1f/perf-flamegraph.svg	/shared/nockchain-ext4-bench/artifacts/runs/20260218_204624-sol-8fixtures-x2-tracy-perf-nocktrace-v0sym-legacy/runs/pass2/docker/master/v1f/perf-report.txt	/shared/nockchain-ext4-bench/artifacts/runs/20260218_204624-sol-8fixtures-x2-tracy-perf-nocktrace-v0sym-legacy/runs/pass2/docker/master/v1f/perf.folded	/shared/nockchain-ext4-bench/artifacts/runs/20260218_204624-sol-8fixtures-x2-tracy-perf-nocktrace-v0sym-legacy/runs/pass2/docker/master/v1f/perf.data	/shared/nockchain-ext4-bench/artifacts/runs/20260218_204624-sol-8fixtures-x2-tracy-perf-nocktrace-v0sym-legacy/runs/pass2/docker/master/v1f/trace.tracy	/shared/nockchain-ext4-bench/artifacts/runs/20260218_204624-sol-8fixtures-x2-tracy-perf-nocktrace-v0sym-legacy/runs/pass2/docker/master/v1f/trace-capture.log	1867	3	22.86	0
2	docker	master	v2d	100	0	2.54	3.78	37.77	26.48	0	0	0	0	0	0	0	0	0	0	0	0	0	0:07.95	29396	0	/shared/nockchain-ext4-bench/artifacts/runs/20260218_204624-sol-8fixtures-x2-tracy-perf-nocktrace-v0sym-legacy/runs/pass2/docker/master/v2d/profile.json	/shared/nockchain-ext4-bench/artifacts/runs/20260218_204624-sol-8fixtures-x2-tracy-perf-nocktrace-v0sym-legacy/runs/pass2/docker/master/v2d/bench.log	/shared/nockchain-ext4-bench/artifacts/runs/20260218_204624-sol-8fixtures-x2-tracy-perf-nocktrace-v0sym-legacy/runs/pass2/docker/master/v2d/time.txt	1684	690	/shared/nockchain-ext4-bench/artifacts/runs/20260218_204624-sol-8fixtures-x2-tracy-perf-nocktrace-v0sym-legacy/runs/pass2/docker/master/v2d/perf-summary.json	/shared/nockchain-ext4-bench/artifacts/runs/20260218_204624-sol-8fixtures-x2-tracy-perf-nocktrace-v0sym-legacy/runs/pass2/docker/master/v2d/perf-flamegraph.svg	/shared/nockchain-ext4-bench/artifacts/runs/20260218_204624-sol-8fixtures-x2-tracy-perf-nocktrace-v0sym-legacy/runs/pass2/docker/master/v2d/perf-report.txt	/shared/nockchain-ext4-bench/artifacts/runs/20260218_204624-sol-8fixtures-x2-tracy-perf-nocktrace-v0sym-legacy/runs/pass2/docker/master/v2d/perf.folded	/shared/nockchain-ext4-bench/artifacts/runs/20260218_204624-sol-8fixtures-x2-tracy-perf-nocktrace-v0sym-legacy/runs/pass2/docker/master/v2d/perf.data	/shared/nockchain-ext4-bench/artifacts/runs/20260218_204624-sol-8fixtures-x2-tracy-perf-nocktrace-v0sym-legacy/runs/pass2/docker/master/v2d/trace.tracy	/shared/nockchain-ext4-bench/artifacts/runs/20260218_204624-sol-8fixtures-x2-tracy-perf-nocktrace-v0sym-legacy/runs/pass2/docker/master/v2d/trace-capture.log	893	3	7.07	0
2	docker	master	v2f								0	0	0	0	0	0	0	0	0	0	0	0	0:21.98	27832	137	/shared/nockchain-ext4-bench/artifacts/runs/20260218_204624-sol-8fixtures-x2-tracy-perf-nocktrace-v0sym-legacy/runs/pass2/docker/master/v2f/profile.json	/shared/nockchain-ext4-bench/artifacts/runs/20260218_204624-sol-8fixtures-x2-tracy-perf-nocktrace-v0sym-legacy/runs/pass2/docker/master/v2f/bench.log	/shared/nockchain-ext4-bench/artifacts/runs/20260218_204624-sol-8fixtures-x2-tracy-perf-nocktrace-v0sym-legacy/runs/pass2/docker/master/v2f/time.txt	1959	127	/shared/nockchain-ext4-bench/artifacts/runs/20260218_204624-sol-8fixtures-x2-tracy-perf-nocktrace-v0sym-legacy/runs/pass2/docker/master/v2f/perf-summary.json	/shared/nockchain-ext4-bench/artifacts/runs/20260218_204624-sol-8fixtures-x2-tracy-perf-nocktrace-v0sym-legacy/runs/pass2/docker/master/v2f/perf-flamegraph.svg	/shared/nockchain-ext4-bench/artifacts/runs/20260218_204624-sol-8fixtures-x2-tracy-perf-nocktrace-v0sym-legacy/runs/pass2/docker/master/v2f/perf-report.txt	/shared/nockchain-ext4-bench/artifacts/runs/20260218_204624-sol-8fixtures-x2-tracy-perf-nocktrace-v0sym-legacy/runs/pass2/docker/master/v2f/perf.folded	/shared/nockchain-ext4-bench/artifacts/runs/20260218_204624-sol-8fixtures-x2-tracy-perf-nocktrace-v0sym-legacy/runs/pass2/docker/master/v2f/perf.data	/shared/nockchain-ext4-bench/artifacts/runs/20260218_204624-sol-8fixtures-x2-tracy-perf-nocktrace-v0sym-legacy/runs/pass2/docker/master/v2f/trace.tracy	/shared/nockchain-ext4-bench/artifacts/runs/20260218_204624-sol-8fixtures-x2-tracy-perf-nocktrace-v0sym-legacy/runs/pass2/docker/master/v2f/trace-capture.log	1636	3	20.3	0
2	docker	master	h51000d	101	0	2.52	3.84	38.06	26.28	0	0	0	0	0	0	0	0	0	0	0	0	0	0:06.89	28008	0	/shared/nockchain-ext4-bench/artifacts/runs/20260218_204624-sol-8fixtures-x2-tracy-perf-nocktrace-v0sym-legacy/runs/pass2/docker/master/h51000d/profile.json	/shared/nockchain-ext4-bench/artifacts/runs/20260218_204624-sol-8fixtures-x2-tracy-perf-nocktrace-v0sym-legacy/runs/pass2/docker/master/h51000d/bench.log	/shared/nockchain-ext4-bench/artifacts/runs/20260218_204624-sol-8fixtures-x2-tracy-perf-nocktrace-v0sym-legacy/runs/pass2/docker/master/h51000d/time.txt	1643	672	/shared/nockchain-ext4-bench/artifacts/runs/20260218_204624-sol-8fixtures-x2-tracy-perf-nocktrace-v0sym-legacy/runs/pass2/docker/master/h51000d/perf-summary.json	/shared/nockchain-ext4-bench/artifacts/runs/20260218_204624-sol-8fixtures-x2-tracy-perf-nocktrace-v0sym-legacy/runs/pass2/docker/master/h51000d/perf-flamegraph.svg	/shared/nockchain-ext4-bench/artifacts/runs/20260218_204624-sol-8fixtures-x2-tracy-perf-nocktrace-v0sym-legacy/runs/pass2/docker/master/h51000d/perf-report.txt	/shared/nockchain-ext4-bench/artifacts/runs/20260218_204624-sol-8fixtures-x2-tracy-perf-nocktrace-v0sym-legacy/runs/pass2/docker/master/h51000d/perf.folded	/shared/nockchain-ext4-bench/artifacts/runs/20260218_204624-sol-8fixtures-x2-tracy-perf-nocktrace-v0sym-legacy/runs/pass2/docker/master/h51000d/perf.data	/shared/nockchain-ext4-bench/artifacts/runs/20260218_204624-sol-8fixtures-x2-tracy-perf-nocktrace-v0sym-legacy/runs/pass2/docker/master/h51000d/trace.tracy	/shared/nockchain-ext4-bench/artifacts/runs/20260218_204624-sol-8fixtures-x2-tracy-perf-nocktrace-v0sym-legacy/runs/pass2/docker/master/h51000d/trace-capture.log	829	3	6.47	0
2	docker	master	h51000f								0	0	0	0	0	0	0	0	0	0	0	0	0:20.54	27848	137	/shared/nockchain-ext4-bench/artifacts/runs/20260218_204624-sol-8fixtures-x2-tracy-perf-nocktrace-v0sym-legacy/runs/pass2/docker/master/h51000f/profile.json	/shared/nockchain-ext4-bench/artifacts/runs/20260218_204624-sol-8fixtures-x2-tracy-perf-nocktrace-v0sym-legacy/runs/pass2/docker/master/h51000f/bench.log	/shared/nockchain-ext4-bench/artifacts/runs/20260218_204624-sol-8fixtures-x2-tracy-perf-nocktrace-v0sym-legacy/runs/pass2/docker/master/h51000f/time.txt	2236	119	/shared/nockchain-ext4-bench/artifacts/runs/20260218_204624-sol-8fixtures-x2-tracy-perf-nocktrace-v0sym-legacy/runs/pass2/docker/master/h51000f/perf-summary.json	/shared/nockchain-ext4-bench/artifacts/runs/20260218_204624-sol-8fixtures-x2-tracy-perf-nocktrace-v0sym-legacy/runs/pass2/docker/master/h51000f/perf-flamegraph.svg	/shared/nockchain-ext4-bench/artifacts/runs/20260218_204624-sol-8fixtures-x2-tracy-perf-nocktrace-v0sym-legacy/runs/pass2/docker/master/h51000f/perf-report.txt	/shared/nockchain-ext4-bench/artifacts/runs/20260218_204624-sol-8fixtures-x2-tracy-perf-nocktrace-v0sym-legacy/runs/pass2/docker/master/h51000f/perf.folded	/shared/nockchain-ext4-bench/artifacts/runs/20260218_204624-sol-8fixtures-x2-tracy-perf-nocktrace-v0sym-legacy/runs/pass2/docker/master/h51000f/perf.data	/shared/nockchain-ext4-bench/artifacts/runs/20260218_204624-sol-8fixtures-x2-tracy-perf-nocktrace-v0sym-legacy/runs/pass2/docker/master/h51000f/trace.tracy	/shared/nockchain-ext4-bench/artifacts/runs/20260218_204624-sol-8fixtures-x2-tracy-perf-nocktrace-v0sym-legacy/runs/pass2/docker/master/h51000f/trace-capture.log	1596	3	19.39	0
2	docker	bump PMA	v0d	100	0	3.20	1.32	13.23	75.59	0	0	0	0	0	0	0	0	0	0	0	0	0	0:05.16	27664	0	/shared/nockchain-ext4-bench/artifacts/runs/20260218_204624-sol-8fixtures-x2-tracy-perf-nocktrace-v0sym-legacy/runs/pass2/docker/streaming/v0d/profile.json	/shared/nockchain-ext4-bench/artifacts/runs/20260218_204624-sol-8fixtures-x2-tracy-perf-nocktrace-v0sym-legacy/runs/pass2/docker/streaming/v0d/bench.log	/shared/nockchain-ext4-bench/artifacts/runs/20260218_204624-sol-8fixtures-x2-tracy-perf-nocktrace-v0sym-legacy/runs/pass2/docker/streaming/v0d/time.txt	1340	572	/shared/nockchain-ext4-bench/artifacts/runs/20260218_204624-sol-8fixtures-x2-tracy-perf-nocktrace-v0sym-legacy/runs/pass2/docker/streaming/v0d/perf-summary.json	/shared/nockchain-ext4-bench/artifacts/runs/20260218_204624-sol-8fixtures-x2-tracy-perf-nocktrace-v0sym-legacy/runs/pass2/docker/streaming/v0d/perf-flamegraph.svg	/shared/nockchain-ext4-bench/artifacts/runs/20260218_204624-sol-8fixtures-x2-tracy-perf-nocktrace-v0sym-legacy/runs/pass2/docker/streaming/v0d/perf-report.txt	/shared/nockchain-ext4-bench/artifacts/runs/20260218_204624-sol-8fixtures-x2-tracy-perf-nocktrace-v0sym-legacy/runs/pass2/docker/streaming/v0d/perf.folded	/shared/nockchain-ext4-bench/artifacts/runs/20260218_204624-sol-8fixtures-x2-tracy-perf-nocktrace-v0sym-legacy/runs/pass2/docker/streaming/v0d/perf.data	/shared/nockchain-ext4-bench/artifacts/runs/20260218_204624-sol-8fixtures-x2-tracy-perf-nocktrace-v0sym-legacy/runs/pass2/docker/streaming/v0d/trace.tracy	/shared/nockchain-ext4-bench/artifacts/runs/20260218_204624-sol-8fixtures-x2-tracy-perf-nocktrace-v0sym-legacy/runs/pass2/docker/streaming/v0d/trace-capture.log	709	3	4.64	0
2	docker	bump PMA	v0f								0	0	0	0	0	0	0	0	0	0	0	0	0:18.25	27836	137	/shared/nockchain-ext4-bench/artifacts/runs/20260218_204624-sol-8fixtures-x2-tracy-perf-nocktrace-v0sym-legacy/runs/pass2/docker/streaming/v0f/profile.json	/shared/nockchain-ext4-bench/artifacts/runs/20260218_204624-sol-8fixtures-x2-tracy-perf-nocktrace-v0sym-legacy/runs/pass2/docker/streaming/v0f/bench.log	/shared/nockchain-ext4-bench/artifacts/runs/20260218_204624-sol-8fixtures-x2-tracy-perf-nocktrace-v0sym-legacy/runs/pass2/docker/streaming/v0f/time.txt	1822	1400	/shared/nockchain-ext4-bench/artifacts/runs/20260218_204624-sol-8fixtures-x2-tracy-perf-nocktrace-v0sym-legacy/runs/pass2/docker/streaming/v0f/perf-summary.json	/shared/nockchain-ext4-bench/artifacts/runs/20260218_204624-sol-8fixtures-x2-tracy-perf-nocktrace-v0sym-legacy/runs/pass2/docker/streaming/v0f/perf-flamegraph.svg	/shared/nockchain-ext4-bench/artifacts/runs/20260218_204624-sol-8fixtures-x2-tracy-perf-nocktrace-v0sym-legacy/runs/pass2/docker/streaming/v0f/perf-report.txt	/shared/nockchain-ext4-bench/artifacts/runs/20260218_204624-sol-8fixtures-x2-tracy-perf-nocktrace-v0sym-legacy/runs/pass2/docker/streaming/v0f/perf.folded	/shared/nockchain-ext4-bench/artifacts/runs/20260218_204624-sol-8fixtures-x2-tracy-perf-nocktrace-v0sym-legacy/runs/pass2/docker/streaming/v0f/perf.data	/shared/nockchain-ext4-bench/artifacts/runs/20260218_204624-sol-8fixtures-x2-tracy-perf-nocktrace-v0sym-legacy/runs/pass2/docker/streaming/v0f/trace.tracy	/shared/nockchain-ext4-bench/artifacts/runs/20260218_204624-sol-8fixtures-x2-tracy-perf-nocktrace-v0sym-legacy/runs/pass2/docker/streaming/v0f/trace-capture.log	1397	3	17.06	0
2	docker	bump PMA	v1d	100	0	3.09	1.32	13.21	75.72	0	0	0	0	0	0	0	0	0	0	0	0	0	0:04.93	28392	0	/shared/nockchain-ext4-bench/artifacts/runs/20260218_204624-sol-8fixtures-x2-tracy-perf-nocktrace-v0sym-legacy/runs/pass2/docker/streaming/v1d/profile.json	/shared/nockchain-ext4-bench/artifacts/runs/20260218_204624-sol-8fixtures-x2-tracy-perf-nocktrace-v0sym-legacy/runs/pass2/docker/streaming/v1d/bench.log	/shared/nockchain-ext4-bench/artifacts/runs/20260218_204624-sol-8fixtures-x2-tracy-perf-nocktrace-v0sym-legacy/runs/pass2/docker/streaming/v1d/time.txt	1249	504	/shared/nockchain-ext4-bench/artifacts/runs/20260218_204624-sol-8fixtures-x2-tracy-perf-nocktrace-v0sym-legacy/runs/pass2/docker/streaming/v1d/perf-summary.json	/shared/nockchain-ext4-bench/artifacts/runs/20260218_204624-sol-8fixtures-x2-tracy-perf-nocktrace-v0sym-legacy/runs/pass2/docker/streaming/v1d/perf-flamegraph.svg	/shared/nockchain-ext4-bench/artifacts/runs/20260218_204624-sol-8fixtures-x2-tracy-perf-nocktrace-v0sym-legacy/runs/pass2/docker/streaming/v1d/perf-report.txt	/shared/nockchain-ext4-bench/artifacts/runs/20260218_204624-sol-8fixtures-x2-tracy-perf-nocktrace-v0sym-legacy/runs/pass2/docker/streaming/v1d/perf.folded	/shared/nockchain-ext4-bench/artifacts/runs/20260218_204624-sol-8fixtures-x2-tracy-perf-nocktrace-v0sym-legacy/runs/pass2/docker/streaming/v1d/perf.data	/shared/nockchain-ext4-bench/artifacts/runs/20260218_204624-sol-8fixtures-x2-tracy-perf-nocktrace-v0sym-legacy/runs/pass2/docker/streaming/v1d/trace.tracy	/shared/nockchain-ext4-bench/artifacts/runs/20260218_204624-sol-8fixtures-x2-tracy-perf-nocktrace-v0sym-legacy/runs/pass2/docker/streaming/v1d/trace-capture.log	710	3	4.44	0
2	docker	bump PMA	v1f								0	0	0	0	0	0	0	0	0	0	0	0	0:18.36	28952	137	/shared/nockchain-ext4-bench/artifacts/runs/20260218_204624-sol-8fixtures-x2-tracy-perf-nocktrace-v0sym-legacy/runs/pass2/docker/streaming/v1f/profile.json	/shared/nockchain-ext4-bench/artifacts/runs/20260218_204624-sol-8fixtures-x2-tracy-perf-nocktrace-v0sym-legacy/runs/pass2/docker/streaming/v1f/bench.log	/shared/nockchain-ext4-bench/artifacts/runs/20260218_204624-sol-8fixtures-x2-tracy-perf-nocktrace-v0sym-legacy/runs/pass2/docker/streaming/v1f/time.txt	1831	1422	/shared/nockchain-ext4-bench/artifacts/runs/20260218_204624-sol-8fixtures-x2-tracy-perf-nocktrace-v0sym-legacy/runs/pass2/docker/streaming/v1f/perf-summary.json	/shared/nockchain-ext4-bench/artifacts/runs/20260218_204624-sol-8fixtures-x2-tracy-perf-nocktrace-v0sym-legacy/runs/pass2/docker/streaming/v1f/perf-flamegraph.svg	/shared/nockchain-ext4-bench/artifacts/runs/20260218_204624-sol-8fixtures-x2-tracy-perf-nocktrace-v0sym-legacy/runs/pass2/docker/streaming/v1f/perf-report.txt	/shared/nockchain-ext4-bench/artifacts/runs/20260218_204624-sol-8fixtures-x2-tracy-perf-nocktrace-v0sym-legacy/runs/pass2/docker/streaming/v1f/perf.folded	/shared/nockchain-ext4-bench/artifacts/runs/20260218_204624-sol-8fixtures-x2-tracy-perf-nocktrace-v0sym-legacy/runs/pass2/docker/streaming/v1f/perf.data	/shared/nockchain-ext4-bench/artifacts/runs/20260218_204624-sol-8fixtures-x2-tracy-perf-nocktrace-v0sym-legacy/runs/pass2/docker/streaming/v1f/trace.tracy	/shared/nockchain-ext4-bench/artifacts/runs/20260218_204624-sol-8fixtures-x2-tracy-perf-nocktrace-v0sym-legacy/runs/pass2/docker/streaming/v1f/trace-capture.log	1480	3	17.17	0
2	docker	bump PMA	v2d	100	0	3.10	1.33	13.29	75.23	0	0	0	0	0	0	0	0	0	0	0	0	0	0:04.95	27088	0	/shared/nockchain-ext4-bench/artifacts/runs/20260218_204624-sol-8fixtures-x2-tracy-perf-nocktrace-v0sym-legacy/runs/pass2/docker/streaming/v2d/profile.json	/shared/nockchain-ext4-bench/artifacts/runs/20260218_204624-sol-8fixtures-x2-tracy-perf-nocktrace-v0sym-legacy/runs/pass2/docker/streaming/v2d/bench.log	/shared/nockchain-ext4-bench/artifacts/runs/20260218_204624-sol-8fixtures-x2-tracy-perf-nocktrace-v0sym-legacy/runs/pass2/docker/streaming/v2d/time.txt	1234	499	/shared/nockchain-ext4-bench/artifacts/runs/20260218_204624-sol-8fixtures-x2-tracy-perf-nocktrace-v0sym-legacy/runs/pass2/docker/streaming/v2d/perf-summary.json	/shared/nockchain-ext4-bench/artifacts/runs/20260218_204624-sol-8fixtures-x2-tracy-perf-nocktrace-v0sym-legacy/runs/pass2/docker/streaming/v2d/perf-flamegraph.svg	/shared/nockchain-ext4-bench/artifacts/runs/20260218_204624-sol-8fixtures-x2-tracy-perf-nocktrace-v0sym-legacy/runs/pass2/docker/streaming/v2d/perf-report.txt	/shared/nockchain-ext4-bench/artifacts/runs/20260218_204624-sol-8fixtures-x2-tracy-perf-nocktrace-v0sym-legacy/runs/pass2/docker/streaming/v2d/perf.folded	/shared/nockchain-ext4-bench/artifacts/runs/20260218_204624-sol-8fixtures-x2-tracy-perf-nocktrace-v0sym-legacy/runs/pass2/docker/streaming/v2d/perf.data	/shared/nockchain-ext4-bench/artifacts/runs/20260218_204624-sol-8fixtures-x2-tracy-perf-nocktrace-v0sym-legacy/runs/pass2/docker/streaming/v2d/trace.tracy	/shared/nockchain-ext4-bench/artifacts/runs/20260218_204624-sol-8fixtures-x2-tracy-perf-nocktrace-v0sym-legacy/runs/pass2/docker/streaming/v2d/trace-capture.log	706	3	4.54	0
2	docker	bump PMA	v2f								0	0	0	0	0	0	0	0	0	0	0	0	0:17.98	27908	137	/shared/nockchain-ext4-bench/artifacts/runs/20260218_204624-sol-8fixtures-x2-tracy-perf-nocktrace-v0sym-legacy/runs/pass2/docker/streaming/v2f/profile.json	/shared/nockchain-ext4-bench/artifacts/runs/20260218_204624-sol-8fixtures-x2-tracy-perf-nocktrace-v0sym-legacy/runs/pass2/docker/streaming/v2f/bench.log	/shared/nockchain-ext4-bench/artifacts/runs/20260218_204624-sol-8fixtures-x2-tracy-perf-nocktrace-v0sym-legacy/runs/pass2/docker/streaming/v2f/time.txt	1620	1175	/shared/nockchain-ext4-bench/artifacts/runs/20260218_204624-sol-8fixtures-x2-tracy-perf-nocktrace-v0sym-legacy/runs/pass2/docker/streaming/v2f/perf-summary.json	/shared/nockchain-ext4-bench/artifacts/runs/20260218_204624-sol-8fixtures-x2-tracy-perf-nocktrace-v0sym-legacy/runs/pass2/docker/streaming/v2f/perf-flamegraph.svg	/shared/nockchain-ext4-bench/artifacts/runs/20260218_204624-sol-8fixtures-x2-tracy-perf-nocktrace-v0sym-legacy/runs/pass2/docker/streaming/v2f/perf-report.txt	/shared/nockchain-ext4-bench/artifacts/runs/20260218_204624-sol-8fixtures-x2-tracy-perf-nocktrace-v0sym-legacy/runs/pass2/docker/streaming/v2f/perf.folded	/shared/nockchain-ext4-bench/artifacts/runs/20260218_204624-sol-8fixtures-x2-tracy-perf-nocktrace-v0sym-legacy/runs/pass2/docker/streaming/v2f/perf.data	/shared/nockchain-ext4-bench/artifacts/runs/20260218_204624-sol-8fixtures-x2-tracy-perf-nocktrace-v0sym-legacy/runs/pass2/docker/streaming/v2f/trace.tracy	/shared/nockchain-ext4-bench/artifacts/runs/20260218_204624-sol-8fixtures-x2-tracy-perf-nocktrace-v0sym-legacy/runs/pass2/docker/streaming/v2f/trace-capture.log	1432	3	15.75	0
2	docker	bump PMA	h51000d	101	0	3.11	1.35	13.37	74.80	0	0	0	0	0	0	0	0	0	0	0	0	0	0:05.50	28040	0	/shared/nockchain-ext4-bench/artifacts/runs/20260218_204624-sol-8fixtures-x2-tracy-perf-nocktrace-v0sym-legacy/runs/pass2/docker/streaming/h51000d/profile.json	/shared/nockchain-ext4-bench/artifacts/runs/20260218_204624-sol-8fixtures-x2-tracy-perf-nocktrace-v0sym-legacy/runs/pass2/docker/streaming/h51000d/bench.log	/shared/nockchain-ext4-bench/artifacts/runs/20260218_204624-sol-8fixtures-x2-tracy-perf-nocktrace-v0sym-legacy/runs/pass2/docker/streaming/h51000d/time.txt	1208	484	/shared/nockchain-ext4-bench/artifacts/runs/20260218_204624-sol-8fixtures-x2-tracy-perf-nocktrace-v0sym-legacy/runs/pass2/docker/streaming/h51000d/perf-summary.json	/shared/nockchain-ext4-bench/artifacts/runs/20260218_204624-sol-8fixtures-x2-tracy-perf-nocktrace-v0sym-legacy/runs/pass2/docker/streaming/h51000d/perf-flamegraph.svg	/shared/nockchain-ext4-bench/artifacts/runs/20260218_204624-sol-8fixtures-x2-tracy-perf-nocktrace-v0sym-legacy/runs/pass2/docker/streaming/h51000d/perf-report.txt	/shared/nockchain-ext4-bench/artifacts/runs/20260218_204624-sol-8fixtures-x2-tracy-perf-nocktrace-v0sym-legacy/runs/pass2/docker/streaming/h51000d/perf.folded	/shared/nockchain-ext4-bench/artifacts/runs/20260218_204624-sol-8fixtures-x2-tracy-perf-nocktrace-v0sym-legacy/runs/pass2/docker/streaming/h51000d/perf.data	/shared/nockchain-ext4-bench/artifacts/runs/20260218_204624-sol-8fixtures-x2-tracy-perf-nocktrace-v0sym-legacy/runs/pass2/docker/streaming/h51000d/trace.tracy	/shared/nockchain-ext4-bench/artifacts/runs/20260218_204624-sol-8fixtures-x2-tracy-perf-nocktrace-v0sym-legacy/runs/pass2/docker/streaming/h51000d/trace-capture.log	703	3	4.54	0
2	docker	bump PMA	h51000f								0	0	0	0	0	0	0	0	0	0	0	0	0:35.70	27968	137	/shared/nockchain-ext4-bench/artifacts/runs/20260218_204624-sol-8fixtures-x2-tracy-perf-nocktrace-v0sym-legacy/runs/pass2/docker/streaming/h51000f/profile.json	/shared/nockchain-ext4-bench/artifacts/runs/20260218_204624-sol-8fixtures-x2-tracy-perf-nocktrace-v0sym-legacy/runs/pass2/docker/streaming/h51000f/bench.log	/shared/nockchain-ext4-bench/artifacts/runs/20260218_204624-sol-8fixtures-x2-tracy-perf-nocktrace-v0sym-legacy/runs/pass2/docker/streaming/h51000f/time.txt	1363	1165	/shared/nockchain-ext4-bench/artifacts/runs/20260218_204624-sol-8fixtures-x2-tracy-perf-nocktrace-v0sym-legacy/runs/pass2/docker/streaming/h51000f/perf-summary.json	/shared/nockchain-ext4-bench/artifacts/runs/20260218_204624-sol-8fixtures-x2-tracy-perf-nocktrace-v0sym-legacy/runs/pass2/docker/streaming/h51000f/perf-flamegraph.svg	/shared/nockchain-ext4-bench/artifacts/runs/20260218_204624-sol-8fixtures-x2-tracy-perf-nocktrace-v0sym-legacy/runs/pass2/docker/streaming/h51000f/perf-report.txt	/shared/nockchain-ext4-bench/artifacts/runs/20260218_204624-sol-8fixtures-x2-tracy-perf-nocktrace-v0sym-legacy/runs/pass2/docker/streaming/h51000f/perf.folded	/shared/nockchain-ext4-bench/artifacts/runs/20260218_204624-sol-8fixtures-x2-tracy-perf-nocktrace-v0sym-legacy/runs/pass2/docker/streaming/h51000f/perf.data	/shared/nockchain-ext4-bench/artifacts/runs/20260218_204624-sol-8fixtures-x2-tracy-perf-nocktrace-v0sym-legacy/runs/pass2/docker/streaming/h51000f/trace.tracy	/shared/nockchain-ext4-bench/artifacts/runs/20260218_204624-sol-8fixtures-x2-tracy-perf-nocktrace-v0sym-legacy/runs/pass2/docker/streaming/h51000f/trace-capture.log	2047	3	26.93	0
2	docker	btree	v0d	100	0	3.19	1.37	13.75	72.74	0	0	0	0	0	0	0	0	0	0	0	0	0	0:05.34	27744	0	/shared/nockchain-ext4-bench/artifacts/runs/20260218_204624-sol-8fixtures-x2-tracy-perf-nocktrace-v0sym-legacy/runs/pass2/docker/btree/v0d/profile.json	/shared/nockchain-ext4-bench/artifacts/runs/20260218_204624-sol-8fixtures-x2-tracy-perf-nocktrace-v0sym-legacy/runs/pass2/docker/btree/v0d/bench.log	/shared/nockchain-ext4-bench/artifacts/runs/20260218_204624-sol-8fixtures-x2-tracy-perf-nocktrace-v0sym-legacy/runs/pass2/docker/btree/v0d/time.txt	1374	529	/shared/nockchain-ext4-bench/artifacts/runs/20260218_204624-sol-8fixtures-x2-tracy-perf-nocktrace-v0sym-legacy/runs/pass2/docker/btree/v0d/perf-summary.json	/shared/nockchain-ext4-bench/artifacts/runs/20260218_204624-sol-8fixtures-x2-tracy-perf-nocktrace-v0sym-legacy/runs/pass2/docker/btree/v0d/perf-flamegraph.svg	/shared/nockchain-ext4-bench/artifacts/runs/20260218_204624-sol-8fixtures-x2-tracy-perf-nocktrace-v0sym-legacy/runs/pass2/docker/btree/v0d/perf-report.txt	/shared/nockchain-ext4-bench/artifacts/runs/20260218_204624-sol-8fixtures-x2-tracy-perf-nocktrace-v0sym-legacy/runs/pass2/docker/btree/v0d/perf.folded	/shared/nockchain-ext4-bench/artifacts/runs/20260218_204624-sol-8fixtures-x2-tracy-perf-nocktrace-v0sym-legacy/runs/pass2/docker/btree/v0d/perf.data	/shared/nockchain-ext4-bench/artifacts/runs/20260218_204624-sol-8fixtures-x2-tracy-perf-nocktrace-v0sym-legacy/runs/pass2/docker/btree/v0d/trace.tracy	/shared/nockchain-ext4-bench/artifacts/runs/20260218_204624-sol-8fixtures-x2-tracy-perf-nocktrace-v0sym-legacy/runs/pass2/docker/btree/v0d/trace-capture.log	738	3	4.64	0
2	docker	btree	v0f								0	0	0	0	0	0	0	0	0	0	0	0	0:34.60	27796	137	/shared/nockchain-ext4-bench/artifacts/runs/20260218_204624-sol-8fixtures-x2-tracy-perf-nocktrace-v0sym-legacy/runs/pass2/docker/btree/v0f/profile.json	/shared/nockchain-ext4-bench/artifacts/runs/20260218_204624-sol-8fixtures-x2-tracy-perf-nocktrace-v0sym-legacy/runs/pass2/docker/btree/v0f/bench.log	/shared/nockchain-ext4-bench/artifacts/runs/20260218_204624-sol-8fixtures-x2-tracy-perf-nocktrace-v0sym-legacy/runs/pass2/docker/btree/v0f/time.txt	1626	1197	/shared/nockchain-ext4-bench/artifacts/runs/20260218_204624-sol-8fixtures-x2-tracy-perf-nocktrace-v0sym-legacy/runs/pass2/docker/btree/v0f/perf-summary.json	/shared/nockchain-ext4-bench/artifacts/runs/20260218_204624-sol-8fixtures-x2-tracy-perf-nocktrace-v0sym-legacy/runs/pass2/docker/btree/v0f/perf-flamegraph.svg	/shared/nockchain-ext4-bench/artifacts/runs/20260218_204624-sol-8fixtures-x2-tracy-perf-nocktrace-v0sym-legacy/runs/pass2/docker/btree/v0f/perf-report.txt	/shared/nockchain-ext4-bench/artifacts/runs/20260218_204624-sol-8fixtures-x2-tracy-perf-nocktrace-v0sym-legacy/runs/pass2/docker/btree/v0f/perf.folded	/shared/nockchain-ext4-bench/artifacts/runs/20260218_204624-sol-8fixtures-x2-tracy-perf-nocktrace-v0sym-legacy/runs/pass2/docker/btree/v0f/perf.data	/shared/nockchain-ext4-bench/artifacts/runs/20260218_204624-sol-8fixtures-x2-tracy-perf-nocktrace-v0sym-legacy/runs/pass2/docker/btree/v0f/trace.tracy	/shared/nockchain-ext4-bench/artifacts/runs/20260218_204624-sol-8fixtures-x2-tracy-perf-nocktrace-v0sym-legacy/runs/pass2/docker/btree/v0f/trace-capture.log	2301	3	30.33	0
2	docker	btree	v1d	100	0	3.18	1.37	13.72	72.89	0	0	0	0	0	0	0	0	0	0	0	0	0	0:05.58	28392	0	/shared/nockchain-ext4-bench/artifacts/runs/20260218_204624-sol-8fixtures-x2-tracy-perf-nocktrace-v0sym-legacy/runs/pass2/docker/btree/v1d/profile.json	/shared/nockchain-ext4-bench/artifacts/runs/20260218_204624-sol-8fixtures-x2-tracy-perf-nocktrace-v0sym-legacy/runs/pass2/docker/btree/v1d/bench.log	/shared/nockchain-ext4-bench/artifacts/runs/20260218_204624-sol-8fixtures-x2-tracy-perf-nocktrace-v0sym-legacy/runs/pass2/docker/btree/v1d/time.txt	1313	502	/shared/nockchain-ext4-bench/artifacts/runs/20260218_204624-sol-8fixtures-x2-tracy-perf-nocktrace-v0sym-legacy/runs/pass2/docker/btree/v1d/perf-summary.json	/shared/nockchain-ext4-bench/artifacts/runs/20260218_204624-sol-8fixtures-x2-tracy-perf-nocktrace-v0sym-legacy/runs/pass2/docker/btree/v1d/perf-flamegraph.svg	/shared/nockchain-ext4-bench/artifacts/runs/20260218_204624-sol-8fixtures-x2-tracy-perf-nocktrace-v0sym-legacy/runs/pass2/docker/btree/v1d/perf-report.txt	/shared/nockchain-ext4-bench/artifacts/runs/20260218_204624-sol-8fixtures-x2-tracy-perf-nocktrace-v0sym-legacy/runs/pass2/docker/btree/v1d/perf.folded	/shared/nockchain-ext4-bench/artifacts/runs/20260218_204624-sol-8fixtures-x2-tracy-perf-nocktrace-v0sym-legacy/runs/pass2/docker/btree/v1d/perf.data	/shared/nockchain-ext4-bench/artifacts/runs/20260218_204624-sol-8fixtures-x2-tracy-perf-nocktrace-v0sym-legacy/runs/pass2/docker/btree/v1d/trace.tracy	/shared/nockchain-ext4-bench/artifacts/runs/20260218_204624-sol-8fixtures-x2-tracy-perf-nocktrace-v0sym-legacy/runs/pass2/docker/btree/v1d/trace-capture.log	725	3	4.65	0
2	docker	btree	v1f								0	0	0	0	0	0	0	0	0	0	0	0	0:22.36	28036	137	/shared/nockchain-ext4-bench/artifacts/runs/20260218_204624-sol-8fixtures-x2-tracy-perf-nocktrace-v0sym-legacy/runs/pass2/docker/btree/v1f/profile.json	/shared/nockchain-ext4-bench/artifacts/runs/20260218_204624-sol-8fixtures-x2-tracy-perf-nocktrace-v0sym-legacy/runs/pass2/docker/btree/v1f/bench.log	/shared/nockchain-ext4-bench/artifacts/runs/20260218_204624-sol-8fixtures-x2-tracy-perf-nocktrace-v0sym-legacy/runs/pass2/docker/btree/v1f/time.txt	1785	1413	/shared/nockchain-ext4-bench/artifacts/runs/20260218_204624-sol-8fixtures-x2-tracy-perf-nocktrace-v0sym-legacy/runs/pass2/docker/btree/v1f/perf-summary.json	/shared/nockchain-ext4-bench/artifacts/runs/20260218_204624-sol-8fixtures-x2-tracy-perf-nocktrace-v0sym-legacy/runs/pass2/docker/btree/v1f/perf-flamegraph.svg	/shared/nockchain-ext4-bench/artifacts/runs/20260218_204624-sol-8fixtures-x2-tracy-perf-nocktrace-v0sym-legacy/runs/pass2/docker/btree/v1f/perf-report.txt	/shared/nockchain-ext4-bench/artifacts/runs/20260218_204624-sol-8fixtures-x2-tracy-perf-nocktrace-v0sym-legacy/runs/pass2/docker/btree/v1f/perf.folded	/shared/nockchain-ext4-bench/artifacts/runs/20260218_204624-sol-8fixtures-x2-tracy-perf-nocktrace-v0sym-legacy/runs/pass2/docker/btree/v1f/perf.data	/shared/nockchain-ext4-bench/artifacts/runs/20260218_204624-sol-8fixtures-x2-tracy-perf-nocktrace-v0sym-legacy/runs/pass2/docker/btree/v1f/trace.tracy	/shared/nockchain-ext4-bench/artifacts/runs/20260218_204624-sol-8fixtures-x2-tracy-perf-nocktrace-v0sym-legacy/runs/pass2/docker/btree/v1f/trace-capture.log	1676	3	20.41	0
2	docker	btree	v2d	100	0	3.21	1.37	13.75	72.75	0	0	0	0	0	0	0	0	0	0	0	0	0	0:05.23	27536	0	/shared/nockchain-ext4-bench/artifacts/runs/20260218_204624-sol-8fixtures-x2-tracy-perf-nocktrace-v0sym-legacy/runs/pass2/docker/btree/v2d/profile.json	/shared/nockchain-ext4-bench/artifacts/runs/20260218_204624-sol-8fixtures-x2-tracy-perf-nocktrace-v0sym-legacy/runs/pass2/docker/btree/v2d/bench.log	/shared/nockchain-ext4-bench/artifacts/runs/20260218_204624-sol-8fixtures-x2-tracy-perf-nocktrace-v0sym-legacy/runs/pass2/docker/btree/v2d/time.txt	1351	505	/shared/nockchain-ext4-bench/artifacts/runs/20260218_204624-sol-8fixtures-x2-tracy-perf-nocktrace-v0sym-legacy/runs/pass2/docker/btree/v2d/perf-summary.json	/shared/nockchain-ext4-bench/artifacts/runs/20260218_204624-sol-8fixtures-x2-tracy-perf-nocktrace-v0sym-legacy/runs/pass2/docker/btree/v2d/perf-flamegraph.svg	/shared/nockchain-ext4-bench/artifacts/runs/20260218_204624-sol-8fixtures-x2-tracy-perf-nocktrace-v0sym-legacy/runs/pass2/docker/btree/v2d/perf-report.txt	/shared/nockchain-ext4-bench/artifacts/runs/20260218_204624-sol-8fixtures-x2-tracy-perf-nocktrace-v0sym-legacy/runs/pass2/docker/btree/v2d/perf.folded	/shared/nockchain-ext4-bench/artifacts/runs/20260218_204624-sol-8fixtures-x2-tracy-perf-nocktrace-v0sym-legacy/runs/pass2/docker/btree/v2d/perf.data	/shared/nockchain-ext4-bench/artifacts/runs/20260218_204624-sol-8fixtures-x2-tracy-perf-nocktrace-v0sym-legacy/runs/pass2/docker/btree/v2d/trace.tracy	/shared/nockchain-ext4-bench/artifacts/runs/20260218_204624-sol-8fixtures-x2-tracy-perf-nocktrace-v0sym-legacy/runs/pass2/docker/btree/v2d/trace-capture.log	733	3	4.65	0
2	docker	btree	v2f								0	0	0	0	0	0	0	0	0	0	0	0	0:18.53	27564	137	/shared/nockchain-ext4-bench/artifacts/runs/20260218_204624-sol-8fixtures-x2-tracy-perf-nocktrace-v0sym-legacy/runs/pass2/docker/btree/v2f/profile.json	/shared/nockchain-ext4-bench/artifacts/runs/20260218_204624-sol-8fixtures-x2-tracy-perf-nocktrace-v0sym-legacy/runs/pass2/docker/btree/v2f/bench.log	/shared/nockchain-ext4-bench/artifacts/runs/20260218_204624-sol-8fixtures-x2-tracy-perf-nocktrace-v0sym-legacy/runs/pass2/docker/btree/v2f/time.txt	1781	1236	/shared/nockchain-ext4-bench/artifacts/runs/20260218_204624-sol-8fixtures-x2-tracy-perf-nocktrace-v0sym-legacy/runs/pass2/docker/btree/v2f/perf-summary.json	/shared/nockchain-ext4-bench/artifacts/runs/20260218_204624-sol-8fixtures-x2-tracy-perf-nocktrace-v0sym-legacy/runs/pass2/docker/btree/v2f/perf-flamegraph.svg	/shared/nockchain-ext4-bench/artifacts/runs/20260218_204624-sol-8fixtures-x2-tracy-perf-nocktrace-v0sym-legacy/runs/pass2/docker/btree/v2f/perf-report.txt	/shared/nockchain-ext4-bench/artifacts/runs/20260218_204624-sol-8fixtures-x2-tracy-perf-nocktrace-v0sym-legacy/runs/pass2/docker/btree/v2f/perf.folded	/shared/nockchain-ext4-bench/artifacts/runs/20260218_204624-sol-8fixtures-x2-tracy-perf-nocktrace-v0sym-legacy/runs/pass2/docker/btree/v2f/perf.data	/shared/nockchain-ext4-bench/artifacts/runs/20260218_204624-sol-8fixtures-x2-tracy-perf-nocktrace-v0sym-legacy/runs/pass2/docker/btree/v2f/trace.tracy	/shared/nockchain-ext4-bench/artifacts/runs/20260218_204624-sol-8fixtures-x2-tracy-perf-nocktrace-v0sym-legacy/runs/pass2/docker/btree/v2f/trace-capture.log	1463	3	17.05	0
2	docker	btree	h51000d	101	0	3.35	1.40	13.82	72.36	0	0	0	0	0	0	0	0	0	0	0	0	0	0:05.40	28584	0	/shared/nockchain-ext4-bench/artifacts/runs/20260218_204624-sol-8fixtures-x2-tracy-perf-nocktrace-v0sym-legacy/runs/pass2/docker/btree/h51000d/profile.json	/shared/nockchain-ext4-bench/artifacts/runs/20260218_204624-sol-8fixtures-x2-tracy-perf-nocktrace-v0sym-legacy/runs/pass2/docker/btree/h51000d/bench.log	/shared/nockchain-ext4-bench/artifacts/runs/20260218_204624-sol-8fixtures-x2-tracy-perf-nocktrace-v0sym-legacy/runs/pass2/docker/btree/h51000d/time.txt	1370	519	/shared/nockchain-ext4-bench/artifacts/runs/20260218_204624-sol-8fixtures-x2-tracy-perf-nocktrace-v0sym-legacy/runs/pass2/docker/btree/h51000d/perf-summary.json	/shared/nockchain-ext4-bench/artifacts/runs/20260218_204624-sol-8fixtures-x2-tracy-perf-nocktrace-v0sym-legacy/runs/pass2/docker/btree/h51000d/perf-flamegraph.svg	/shared/nockchain-ext4-bench/artifacts/runs/20260218_204624-sol-8fixtures-x2-tracy-perf-nocktrace-v0sym-legacy/runs/pass2/docker/btree/h51000d/perf-report.txt	/shared/nockchain-ext4-bench/artifacts/runs/20260218_204624-sol-8fixtures-x2-tracy-perf-nocktrace-v0sym-legacy/runs/pass2/docker/btree/h51000d/perf.folded	/shared/nockchain-ext4-bench/artifacts/runs/20260218_204624-sol-8fixtures-x2-tracy-perf-nocktrace-v0sym-legacy/runs/pass2/docker/btree/h51000d/perf.data	/shared/nockchain-ext4-bench/artifacts/runs/20260218_204624-sol-8fixtures-x2-tracy-perf-nocktrace-v0sym-legacy/runs/pass2/docker/btree/h51000d/trace.tracy	/shared/nockchain-ext4-bench/artifacts/runs/20260218_204624-sol-8fixtures-x2-tracy-perf-nocktrace-v0sym-legacy/runs/pass2/docker/btree/h51000d/trace-capture.log	744	3	4.84	0
2	docker	btree	h51000f								0	0	0	0	0	0	0	0	0	0	0	0	0:18.90	27920	137	/shared/nockchain-ext4-bench/artifacts/runs/20260218_204624-sol-8fixtures-x2-tracy-perf-nocktrace-v0sym-legacy/runs/pass2/docker/btree/h51000f/profile.json	/shared/nockchain-ext4-bench/artifacts/runs/20260218_204624-sol-8fixtures-x2-tracy-perf-nocktrace-v0sym-legacy/runs/pass2/docker/btree/h51000f/bench.log	/shared/nockchain-ext4-bench/artifacts/runs/20260218_204624-sol-8fixtures-x2-tracy-perf-nocktrace-v0sym-legacy/runs/pass2/docker/btree/h51000f/time.txt	1573	1211	/shared/nockchain-ext4-bench/artifacts/runs/20260218_204624-sol-8fixtures-x2-tracy-perf-nocktrace-v0sym-legacy/runs/pass2/docker/btree/h51000f/perf-summary.json	/shared/nockchain-ext4-bench/artifacts/runs/20260218_204624-sol-8fixtures-x2-tracy-perf-nocktrace-v0sym-legacy/runs/pass2/docker/btree/h51000f/perf-flamegraph.svg	/shared/nockchain-ext4-bench/artifacts/runs/20260218_204624-sol-8fixtures-x2-tracy-perf-nocktrace-v0sym-legacy/runs/pass2/docker/btree/h51000f/perf-report.txt	/shared/nockchain-ext4-bench/artifacts/runs/20260218_204624-sol-8fixtures-x2-tracy-perf-nocktrace-v0sym-legacy/runs/pass2/docker/btree/h51000f/perf.folded	/shared/nockchain-ext4-bench/artifacts/runs/20260218_204624-sol-8fixtures-x2-tracy-perf-nocktrace-v0sym-legacy/runs/pass2/docker/btree/h51000f/perf.data	/shared/nockchain-ext4-bench/artifacts/runs/20260218_204624-sol-8fixtures-x2-tracy-perf-nocktrace-v0sym-legacy/runs/pass2/docker/btree/h51000f/trace.tracy	/shared/nockchain-ext4-bench/artifacts/runs/20260218_204624-sol-8fixtures-x2-tracy-perf-nocktrace-v0sym-legacy/runs/pass2/docker/btree/h51000f/trace-capture.log	1441	3	16.11	0
