memory_limit	run_id	pass	env	branch	fixture	blocks_poked	failed_pokes	init_time_s	total_poke_time_s	avg_per_block_ms	throughput_blocks_s	checkpoints	samples	gc_events	fault_bursts	peak_rss_mib	p95_rss_mib	peak_pma_rss_mib	peak_pma_size_mib	peak_nockstack_rss_mib	peak_anon_mib	peak_file_mib	minor_faults_delta	major_faults_delta	wall_clock	max_rss_kb	exit_status	profile_path	bench_log	time_log	perf_samples	perf_unique_stacks	perf_summary_json	perf_flamegraph_svg	perf_report_txt	perf_folded	perf_data	tracy_trace	tracy_capture_log	tracy_size_bytes	tracy_frames	tracy_time_span_s	tracy_zones	run_root_name	profile_path_rel	bench_log_rel	time_log_rel	perf_summary_json_rel	perf_flamegraph_svg_rel	perf_report_txt_rel	perf_folded_rel	perf_data_rel	tracy_trace_rel	tracy_capture_log_rel
4g	20260303_145036	1	docker	master	v0	100	0	2.449984776	4.570383474	45.70383474	21.880002098047147	0	11	0	0	1063.7421875	1063.7421875	0	0	928.04296875	1056.5625	7.1796875	22084	0	0:07.32	30352	0	/shared/nockchain-ext4-bench/artifacts/runs/20260303_145036-sol-ext4-derived-trace-sampling-btreefix-4g/runs/pass1/docker/master/v0/profile.json	/shared/nockchain-ext4-bench/artifacts/runs/20260303_145036-sol-ext4-derived-trace-sampling-btreefix-4g/runs/pass1/docker/master/v0/bench.log	/shared/nockchain-ext4-bench/artifacts/runs/20260303_145036-sol-ext4-derived-trace-sampling-btreefix-4g/runs/pass1/docker/master/v0/time.txt	0	0	/shared/nockchain-ext4-bench/artifacts/runs/20260303_145036-sol-ext4-derived-trace-sampling-btreefix-4g/runs/pass1/docker/master/v0/perf-summary.json	/shared/nockchain-ext4-bench/artifacts/runs/20260303_145036-sol-ext4-derived-trace-sampling-btreefix-4g/runs/pass1/docker/master/v0/perf-flamegraph.svg	/shared/nockchain-ext4-bench/artifacts/runs/20260303_145036-sol-ext4-derived-trace-sampling-btreefix-4g/runs/pass1/docker/master/v0/perf-report.txt	/shared/nockchain-ext4-bench/artifacts/runs/20260303_145036-sol-ext4-derived-trace-sampling-btreefix-4g/runs/pass1/docker/master/v0/perf.folded	/shared/nockchain-ext4-bench/artifacts/runs/20260303_145036-sol-ext4-derived-trace-sampling-btreefix-4g/runs/pass1/docker/master/v0/perf.data	/shared/nockchain-ext4-bench/artifacts/runs/20260303_145036-sol-ext4-derived-trace-sampling-btreefix-4g/runs/pass1/docker/master/v0/trace.tracy	/shared/nockchain-ext4-bench/artifacts/runs/20260303_145036-sol-ext4-derived-trace-sampling-btreefix-4g/runs/pass1/docker/master/v0/trace-capture.log	0	0	0	0	20260303_145036-sol-ext4-derived-trace-sampling-btreefix-4g	raw/20260303_145036-sol-ext4-derived-trace-sampling-btreefix-4g/runs/pass1/docker/master/v0/profile.json	raw/20260303_145036-sol-ext4-derived-trace-sampling-btreefix-4g/runs/pass1/docker/master/v0/bench.log	raw/20260303_145036-sol-ext4-derived-trace-sampling-btreefix-4g/runs/pass1/docker/master/v0/time.txt	raw/20260303_145036-sol-ext4-derived-trace-sampling-btreefix-4g/runs/pass1/docker/master/v0/perf-summary.json	raw/20260303_145036-sol-ext4-derived-trace-sampling-btreefix-4g/runs/pass1/docker/master/v0/perf-flamegraph.svg	raw/20260303_145036-sol-ext4-derived-trace-sampling-btreefix-4g/runs/pass1/docker/master/v0/perf-report.txt	raw/20260303_145036-sol-ext4-derived-trace-sampling-btreefix-4g/runs/pass1/docker/master/v0/perf.folded	raw/20260303_145036-sol-ext4-derived-trace-sampling-btreefix-4g/runs/pass1/docker/master/v0/perf.data	raw/20260303_145036-sol-ext4-derived-trace-sampling-btreefix-4g/runs/pass1/docker/master/v0/trace.tracy	raw/20260303_145036-sol-ext4-derived-trace-sampling-btreefix-4g/runs/pass1/docker/master/v0/trace-capture.log
4g	20260303_145036	1	docker	master	v1	100	0	2.510044486	4.733248606	47.33248606	21.12713874213942	0	12	0	0	1063.53125	1063.53125	0	0	928.04296875	1056.625	6.90625	22095	0	0:07.55	30164	0	/shared/nockchain-ext4-bench/artifacts/runs/20260303_145036-sol-ext4-derived-trace-sampling-btreefix-4g/runs/pass1/docker/master/v1/profile.json	/shared/nockchain-ext4-bench/artifacts/runs/20260303_145036-sol-ext4-derived-trace-sampling-btreefix-4g/runs/pass1/docker/master/v1/bench.log	/shared/nockchain-ext4-bench/artifacts/runs/20260303_145036-sol-ext4-derived-trace-sampling-btreefix-4g/runs/pass1/docker/master/v1/time.txt	0	0	/shared/nockchain-ext4-bench/artifacts/runs/20260303_145036-sol-ext4-derived-trace-sampling-btreefix-4g/runs/pass1/docker/master/v1/perf-summary.json	/shared/nockchain-ext4-bench/artifacts/runs/20260303_145036-sol-ext4-derived-trace-sampling-btreefix-4g/runs/pass1/docker/master/v1/perf-flamegraph.svg	/shared/nockchain-ext4-bench/artifacts/runs/20260303_145036-sol-ext4-derived-trace-sampling-btreefix-4g/runs/pass1/docker/master/v1/perf-report.txt	/shared/nockchain-ext4-bench/artifacts/runs/20260303_145036-sol-ext4-derived-trace-sampling-btreefix-4g/runs/pass1/docker/master/v1/perf.folded	/shared/nockchain-ext4-bench/artifacts/runs/20260303_145036-sol-ext4-derived-trace-sampling-btreefix-4g/runs/pass1/docker/master/v1/perf.data	/shared/nockchain-ext4-bench/artifacts/runs/20260303_145036-sol-ext4-derived-trace-sampling-btreefix-4g/runs/pass1/docker/master/v1/trace.tracy	/shared/nockchain-ext4-bench/artifacts/runs/20260303_145036-sol-ext4-derived-trace-sampling-btreefix-4g/runs/pass1/docker/master/v1/trace-capture.log	0	0	0	0	20260303_145036-sol-ext4-derived-trace-sampling-btreefix-4g	raw/20260303_145036-sol-ext4-derived-trace-sampling-btreefix-4g/runs/pass1/docker/master/v1/profile.json	raw/20260303_145036-sol-ext4-derived-trace-sampling-btreefix-4g/runs/pass1/docker/master/v1/bench.log	raw/20260303_145036-sol-ext4-derived-trace-sampling-btreefix-4g/runs/pass1/docker/master/v1/time.txt	raw/20260303_145036-sol-ext4-derived-trace-sampling-btreefix-4g/runs/pass1/docker/master/v1/perf-summary.json	raw/20260303_145036-sol-ext4-derived-trace-sampling-btreefix-4g/runs/pass1/docker/master/v1/perf-flamegraph.svg	raw/20260303_145036-sol-ext4-derived-trace-sampling-btreefix-4g/runs/pass1/docker/master/v1/perf-report.txt	raw/20260303_145036-sol-ext4-derived-trace-sampling-btreefix-4g/runs/pass1/docker/master/v1/perf.folded	raw/20260303_145036-sol-ext4-derived-trace-sampling-btreefix-4g/runs/pass1/docker/master/v1/perf.data	raw/20260303_145036-sol-ext4-derived-trace-sampling-btreefix-4g/runs/pass1/docker/master/v1/trace.tracy	raw/20260303_145036-sol-ext4-derived-trace-sampling-btreefix-4g/runs/pass1/docker/master/v1/trace-capture.log
4g	20260303_145036	1	docker	master	v2	100	0	2.441477685	4.454336293	44.543362929999994	22.450033724923337	0	11	0	0	1063.44140625	1063.44140625	0	0	928	1056.58984375	6.8515625	22099	0	0:07.17	30924	0	/shared/nockchain-ext4-bench/artifacts/runs/20260303_145036-sol-ext4-derived-trace-sampling-btreefix-4g/runs/pass1/docker/master/v2/profile.json	/shared/nockchain-ext4-bench/artifacts/runs/20260303_145036-sol-ext4-derived-trace-sampling-btreefix-4g/runs/pass1/docker/master/v2/bench.log	/shared/nockchain-ext4-bench/artifacts/runs/20260303_145036-sol-ext4-derived-trace-sampling-btreefix-4g/runs/pass1/docker/master/v2/time.txt	0	0	/shared/nockchain-ext4-bench/artifacts/runs/20260303_145036-sol-ext4-derived-trace-sampling-btreefix-4g/runs/pass1/docker/master/v2/perf-summary.json	/shared/nockchain-ext4-bench/artifacts/runs/20260303_145036-sol-ext4-derived-trace-sampling-btreefix-4g/runs/pass1/docker/master/v2/perf-flamegraph.svg	/shared/nockchain-ext4-bench/artifacts/runs/20260303_145036-sol-ext4-derived-trace-sampling-btreefix-4g/runs/pass1/docker/master/v2/perf-report.txt	/shared/nockchain-ext4-bench/artifacts/runs/20260303_145036-sol-ext4-derived-trace-sampling-btreefix-4g/runs/pass1/docker/master/v2/perf.folded	/shared/nockchain-ext4-bench/artifacts/runs/20260303_145036-sol-ext4-derived-trace-sampling-btreefix-4g/runs/pass1/docker/master/v2/perf.data	/shared/nockchain-ext4-bench/artifacts/runs/20260303_145036-sol-ext4-derived-trace-sampling-btreefix-4g/runs/pass1/docker/master/v2/trace.tracy	/shared/nockchain-ext4-bench/artifacts/runs/20260303_145036-sol-ext4-derived-trace-sampling-btreefix-4g/runs/pass1/docker/master/v2/trace-capture.log	0	0	0	0	20260303_145036-sol-ext4-derived-trace-sampling-btreefix-4g	raw/20260303_145036-sol-ext4-derived-trace-sampling-btreefix-4g/runs/pass1/docker/master/v2/profile.json	raw/20260303_145036-sol-ext4-derived-trace-sampling-btreefix-4g/runs/pass1/docker/master/v2/bench.log	raw/20260303_145036-sol-ext4-derived-trace-sampling-btreefix-4g/runs/pass1/docker/master/v2/time.txt	raw/20260303_145036-sol-ext4-derived-trace-sampling-btreefix-4g/runs/pass1/docker/master/v2/perf-summary.json	raw/20260303_145036-sol-ext4-derived-trace-sampling-btreefix-4g/runs/pass1/docker/master/v2/perf-flamegraph.svg	raw/20260303_145036-sol-ext4-derived-trace-sampling-btreefix-4g/runs/pass1/docker/master/v2/perf-report.txt	raw/20260303_145036-sol-ext4-derived-trace-sampling-btreefix-4g/runs/pass1/docker/master/v2/perf.folded	raw/20260303_145036-sol-ext4-derived-trace-sampling-btreefix-4g/runs/pass1/docker/master/v2/perf.data	raw/20260303_145036-sol-ext4-derived-trace-sampling-btreefix-4g/runs/pass1/docker/master/v2/trace.tracy	raw/20260303_145036-sol-ext4-derived-trace-sampling-btreefix-4g/runs/pass1/docker/master/v2/trace-capture.log
4g	20260303_145036	1	docker	bump PMA	v0	100	0	3.043224244	1.9017892	19.017892	52.58206324865027	0	6	0	1	1169.7109375	1169.7109375	86.51171875	16384.00390625	928	1075.87109375	93.83984375	46796	2	0:05.29	29652	0	/shared/nockchain-ext4-bench/artifacts/runs/20260303_145036-sol-ext4-derived-trace-sampling-btreefix-4g/runs/pass1/docker/streaming/v0/profile.json	/shared/nockchain-ext4-bench/artifacts/runs/20260303_145036-sol-ext4-derived-trace-sampling-btreefix-4g/runs/pass1/docker/streaming/v0/bench.log	/shared/nockchain-ext4-bench/artifacts/runs/20260303_145036-sol-ext4-derived-trace-sampling-btreefix-4g/runs/pass1/docker/streaming/v0/time.txt	0	0	/shared/nockchain-ext4-bench/artifacts/runs/20260303_145036-sol-ext4-derived-trace-sampling-btreefix-4g/runs/pass1/docker/streaming/v0/perf-summary.json	/shared/nockchain-ext4-bench/artifacts/runs/20260303_145036-sol-ext4-derived-trace-sampling-btreefix-4g/runs/pass1/docker/streaming/v0/perf-flamegraph.svg	/shared/nockchain-ext4-bench/artifacts/runs/20260303_145036-sol-ext4-derived-trace-sampling-btreefix-4g/runs/pass1/docker/streaming/v0/perf-report.txt	/shared/nockchain-ext4-bench/artifacts/runs/20260303_145036-sol-ext4-derived-trace-sampling-btreefix-4g/runs/pass1/docker/streaming/v0/perf.folded	/shared/nockchain-ext4-bench/artifacts/runs/20260303_145036-sol-ext4-derived-trace-sampling-btreefix-4g/runs/pass1/docker/streaming/v0/perf.data	/shared/nockchain-ext4-bench/artifacts/runs/20260303_145036-sol-ext4-derived-trace-sampling-btreefix-4g/runs/pass1/docker/streaming/v0/trace.tracy	/shared/nockchain-ext4-bench/artifacts/runs/20260303_145036-sol-ext4-derived-trace-sampling-btreefix-4g/runs/pass1/docker/streaming/v0/trace-capture.log	0	0	0	0	20260303_145036-sol-ext4-derived-trace-sampling-btreefix-4g	raw/20260303_145036-sol-ext4-derived-trace-sampling-btreefix-4g/runs/pass1/docker/streaming/v0/profile.json	raw/20260303_145036-sol-ext4-derived-trace-sampling-btreefix-4g/runs/pass1/docker/streaming/v0/bench.log	raw/20260303_145036-sol-ext4-derived-trace-sampling-btreefix-4g/runs/pass1/docker/streaming/v0/time.txt	raw/20260303_145036-sol-ext4-derived-trace-sampling-btreefix-4g/runs/pass1/docker/streaming/v0/perf-summary.json	raw/20260303_145036-sol-ext4-derived-trace-sampling-btreefix-4g/runs/pass1/docker/streaming/v0/perf-flamegraph.svg	raw/20260303_145036-sol-ext4-derived-trace-sampling-btreefix-4g/runs/pass1/docker/streaming/v0/perf-report.txt	raw/20260303_145036-sol-ext4-derived-trace-sampling-btreefix-4g/runs/pass1/docker/streaming/v0/perf.folded	raw/20260303_145036-sol-ext4-derived-trace-sampling-btreefix-4g/runs/pass1/docker/streaming/v0/perf.data	raw/20260303_145036-sol-ext4-derived-trace-sampling-btreefix-4g/runs/pass1/docker/streaming/v0/trace.tracy	raw/20260303_145036-sol-ext4-derived-trace-sampling-btreefix-4g/runs/pass1/docker/streaming/v0/trace-capture.log
4g	20260303_145036	1	docker	bump PMA	v1	100	0	3.057662516	1.892030557	18.92030557	52.85326900774785	0	6	0	1	1170.86328125	1170.86328125	86.51171875	16384.00390625	928	1077.140625	93.72265625	46813	2	0:05.30	30628	0	/shared/nockchain-ext4-bench/artifacts/runs/20260303_145036-sol-ext4-derived-trace-sampling-btreefix-4g/runs/pass1/docker/streaming/v1/profile.json	/shared/nockchain-ext4-bench/artifacts/runs/20260303_145036-sol-ext4-derived-trace-sampling-btreefix-4g/runs/pass1/docker/streaming/v1/bench.log	/shared/nockchain-ext4-bench/artifacts/runs/20260303_145036-sol-ext4-derived-trace-sampling-btreefix-4g/runs/pass1/docker/streaming/v1/time.txt	0	0	/shared/nockchain-ext4-bench/artifacts/runs/20260303_145036-sol-ext4-derived-trace-sampling-btreefix-4g/runs/pass1/docker/streaming/v1/perf-summary.json	/shared/nockchain-ext4-bench/artifacts/runs/20260303_145036-sol-ext4-derived-trace-sampling-btreefix-4g/runs/pass1/docker/streaming/v1/perf-flamegraph.svg	/shared/nockchain-ext4-bench/artifacts/runs/20260303_145036-sol-ext4-derived-trace-sampling-btreefix-4g/runs/pass1/docker/streaming/v1/perf-report.txt	/shared/nockchain-ext4-bench/artifacts/runs/20260303_145036-sol-ext4-derived-trace-sampling-btreefix-4g/runs/pass1/docker/streaming/v1/perf.folded	/shared/nockchain-ext4-bench/artifacts/runs/20260303_145036-sol-ext4-derived-trace-sampling-btreefix-4g/runs/pass1/docker/streaming/v1/perf.data	/shared/nockchain-ext4-bench/artifacts/runs/20260303_145036-sol-ext4-derived-trace-sampling-btreefix-4g/runs/pass1/docker/streaming/v1/trace.tracy	/shared/nockchain-ext4-bench/artifacts/runs/20260303_145036-sol-ext4-derived-trace-sampling-btreefix-4g/runs/pass1/docker/streaming/v1/trace-capture.log	0	0	0	0	20260303_145036-sol-ext4-derived-trace-sampling-btreefix-4g	raw/20260303_145036-sol-ext4-derived-trace-sampling-btreefix-4g/runs/pass1/docker/streaming/v1/profile.json	raw/20260303_145036-sol-ext4-derived-trace-sampling-btreefix-4g/runs/pass1/docker/streaming/v1/bench.log	raw/20260303_145036-sol-ext4-derived-trace-sampling-btreefix-4g/runs/pass1/docker/streaming/v1/time.txt	raw/20260303_145036-sol-ext4-derived-trace-sampling-btreefix-4g/runs/pass1/docker/streaming/v1/perf-summary.json	raw/20260303_145036-sol-ext4-derived-trace-sampling-btreefix-4g/runs/pass1/docker/streaming/v1/perf-flamegraph.svg	raw/20260303_145036-sol-ext4-derived-trace-sampling-btreefix-4g/runs/pass1/docker/streaming/v1/perf-report.txt	raw/20260303_145036-sol-ext4-derived-trace-sampling-btreefix-4g/runs/pass1/docker/streaming/v1/perf.folded	raw/20260303_145036-sol-ext4-derived-trace-sampling-btreefix-4g/runs/pass1/docker/streaming/v1/perf.data	raw/20260303_145036-sol-ext4-derived-trace-sampling-btreefix-4g/runs/pass1/docker/streaming/v1/trace.tracy	raw/20260303_145036-sol-ext4-derived-trace-sampling-btreefix-4g/runs/pass1/docker/streaming/v1/trace-capture.log
4g	20260303_145036	1	docker	bump PMA	v2	100	0	3.042563903	1.907091248	19.07091248	52.435875894701816	0	6	0	1	1169.80078125	1169.80078125	86.51171875	16384.00390625	928	1075.8984375	93.90234375	47832	2	0:05.28	30228	0	/shared/nockchain-ext4-bench/artifacts/runs/20260303_145036-sol-ext4-derived-trace-sampling-btreefix-4g/runs/pass1/docker/streaming/v2/profile.json	/shared/nockchain-ext4-bench/artifacts/runs/20260303_145036-sol-ext4-derived-trace-sampling-btreefix-4g/runs/pass1/docker/streaming/v2/bench.log	/shared/nockchain-ext4-bench/artifacts/runs/20260303_145036-sol-ext4-derived-trace-sampling-btreefix-4g/runs/pass1/docker/streaming/v2/time.txt	0	0	/shared/nockchain-ext4-bench/artifacts/runs/20260303_145036-sol-ext4-derived-trace-sampling-btreefix-4g/runs/pass1/docker/streaming/v2/perf-summary.json	/shared/nockchain-ext4-bench/artifacts/runs/20260303_145036-sol-ext4-derived-trace-sampling-btreefix-4g/runs/pass1/docker/streaming/v2/perf-flamegraph.svg	/shared/nockchain-ext4-bench/artifacts/runs/20260303_145036-sol-ext4-derived-trace-sampling-btreefix-4g/runs/pass1/docker/streaming/v2/perf-report.txt	/shared/nockchain-ext4-bench/artifacts/runs/20260303_145036-sol-ext4-derived-trace-sampling-btreefix-4g/runs/pass1/docker/streaming/v2/perf.folded	/shared/nockchain-ext4-bench/artifacts/runs/20260303_145036-sol-ext4-derived-trace-sampling-btreefix-4g/runs/pass1/docker/streaming/v2/perf.data	/shared/nockchain-ext4-bench/artifacts/runs/20260303_145036-sol-ext4-derived-trace-sampling-btreefix-4g/runs/pass1/docker/streaming/v2/trace.tracy	/shared/nockchain-ext4-bench/artifacts/runs/20260303_145036-sol-ext4-derived-trace-sampling-btreefix-4g/runs/pass1/docker/streaming/v2/trace-capture.log	0	0	0	0	20260303_145036-sol-ext4-derived-trace-sampling-btreefix-4g	raw/20260303_145036-sol-ext4-derived-trace-sampling-btreefix-4g/runs/pass1/docker/streaming/v2/profile.json	raw/20260303_145036-sol-ext4-derived-trace-sampling-btreefix-4g/runs/pass1/docker/streaming/v2/bench.log	raw/20260303_145036-sol-ext4-derived-trace-sampling-btreefix-4g/runs/pass1/docker/streaming/v2/time.txt	raw/20260303_145036-sol-ext4-derived-trace-sampling-btreefix-4g/runs/pass1/docker/streaming/v2/perf-summary.json	raw/20260303_145036-sol-ext4-derived-trace-sampling-btreefix-4g/runs/pass1/docker/streaming/v2/perf-flamegraph.svg	raw/20260303_145036-sol-ext4-derived-trace-sampling-btreefix-4g/runs/pass1/docker/streaming/v2/perf-report.txt	raw/20260303_145036-sol-ext4-derived-trace-sampling-btreefix-4g/runs/pass1/docker/streaming/v2/perf.folded	raw/20260303_145036-sol-ext4-derived-trace-sampling-btreefix-4g/runs/pass1/docker/streaming/v2/perf.data	raw/20260303_145036-sol-ext4-derived-trace-sampling-btreefix-4g/runs/pass1/docker/streaming/v2/trace.tracy	raw/20260303_145036-sol-ext4-derived-trace-sampling-btreefix-4g/runs/pass1/docker/streaming/v2/trace-capture.log
4g	20260303_145036	1	docker	btree	v0	100	0	3.132798614	1.8876156480000001	18.876156480000002	52.97688653193449	0	6	0	1	1298.13671875	1298.13671875	150.8671875	16448.00390625	928	1139.89453125	158.2421875	63817	2	0:05.41	29536	0	/shared/nockchain-ext4-bench/artifacts/runs/20260303_145036-sol-ext4-derived-trace-sampling-btreefix-4g/runs/pass1/docker/btree/v0/profile.json	/shared/nockchain-ext4-bench/artifacts/runs/20260303_145036-sol-ext4-derived-trace-sampling-btreefix-4g/runs/pass1/docker/btree/v0/bench.log	/shared/nockchain-ext4-bench/artifacts/runs/20260303_145036-sol-ext4-derived-trace-sampling-btreefix-4g/runs/pass1/docker/btree/v0/time.txt	0	0	/shared/nockchain-ext4-bench/artifacts/runs/20260303_145036-sol-ext4-derived-trace-sampling-btreefix-4g/runs/pass1/docker/btree/v0/perf-summary.json	/shared/nockchain-ext4-bench/artifacts/runs/20260303_145036-sol-ext4-derived-trace-sampling-btreefix-4g/runs/pass1/docker/btree/v0/perf-flamegraph.svg	/shared/nockchain-ext4-bench/artifacts/runs/20260303_145036-sol-ext4-derived-trace-sampling-btreefix-4g/runs/pass1/docker/btree/v0/perf-report.txt	/shared/nockchain-ext4-bench/artifacts/runs/20260303_145036-sol-ext4-derived-trace-sampling-btreefix-4g/runs/pass1/docker/btree/v0/perf.folded	/shared/nockchain-ext4-bench/artifacts/runs/20260303_145036-sol-ext4-derived-trace-sampling-btreefix-4g/runs/pass1/docker/btree/v0/perf.data	/shared/nockchain-ext4-bench/artifacts/runs/20260303_145036-sol-ext4-derived-trace-sampling-btreefix-4g/runs/pass1/docker/btree/v0/trace.tracy	/shared/nockchain-ext4-bench/artifacts/runs/20260303_145036-sol-ext4-derived-trace-sampling-btreefix-4g/runs/pass1/docker/btree/v0/trace-capture.log	0	0	0	0	20260303_145036-sol-ext4-derived-trace-sampling-btreefix-4g	raw/20260303_145036-sol-ext4-derived-trace-sampling-btreefix-4g/runs/pass1/docker/btree/v0/profile.json	raw/20260303_145036-sol-ext4-derived-trace-sampling-btreefix-4g/runs/pass1/docker/btree/v0/bench.log	raw/20260303_145036-sol-ext4-derived-trace-sampling-btreefix-4g/runs/pass1/docker/btree/v0/time.txt	raw/20260303_145036-sol-ext4-derived-trace-sampling-btreefix-4g/runs/pass1/docker/btree/v0/perf-summary.json	raw/20260303_145036-sol-ext4-derived-trace-sampling-btreefix-4g/runs/pass1/docker/btree/v0/perf-flamegraph.svg	raw/20260303_145036-sol-ext4-derived-trace-sampling-btreefix-4g/runs/pass1/docker/btree/v0/perf-report.txt	raw/20260303_145036-sol-ext4-derived-trace-sampling-btreefix-4g/runs/pass1/docker/btree/v0/perf.folded	raw/20260303_145036-sol-ext4-derived-trace-sampling-btreefix-4g/runs/pass1/docker/btree/v0/perf.data	raw/20260303_145036-sol-ext4-derived-trace-sampling-btreefix-4g/runs/pass1/docker/btree/v0/trace.tracy	raw/20260303_145036-sol-ext4-derived-trace-sampling-btreefix-4g/runs/pass1/docker/btree/v0/trace-capture.log
4g	20260303_145036	1	docker	btree	v1	100	0	3.037820997	1.906178111	19.06178111	52.46099481623939	0	6	0	1	1298.25390625	1298.25390625	150.86328125	16448.00390625	928	1139.9609375	158.29296875	64340	2	0:05.34	29948	0	/shared/nockchain-ext4-bench/artifacts/runs/20260303_145036-sol-ext4-derived-trace-sampling-btreefix-4g/runs/pass1/docker/btree/v1/profile.json	/shared/nockchain-ext4-bench/artifacts/runs/20260303_145036-sol-ext4-derived-trace-sampling-btreefix-4g/runs/pass1/docker/btree/v1/bench.log	/shared/nockchain-ext4-bench/artifacts/runs/20260303_145036-sol-ext4-derived-trace-sampling-btreefix-4g/runs/pass1/docker/btree/v1/time.txt	0	0	/shared/nockchain-ext4-bench/artifacts/runs/20260303_145036-sol-ext4-derived-trace-sampling-btreefix-4g/runs/pass1/docker/btree/v1/perf-summary.json	/shared/nockchain-ext4-bench/artifacts/runs/20260303_145036-sol-ext4-derived-trace-sampling-btreefix-4g/runs/pass1/docker/btree/v1/perf-flamegraph.svg	/shared/nockchain-ext4-bench/artifacts/runs/20260303_145036-sol-ext4-derived-trace-sampling-btreefix-4g/runs/pass1/docker/btree/v1/perf-report.txt	/shared/nockchain-ext4-bench/artifacts/runs/20260303_145036-sol-ext4-derived-trace-sampling-btreefix-4g/runs/pass1/docker/btree/v1/perf.folded	/shared/nockchain-ext4-bench/artifacts/runs/20260303_145036-sol-ext4-derived-trace-sampling-btreefix-4g/runs/pass1/docker/btree/v1/perf.data	/shared/nockchain-ext4-bench/artifacts/runs/20260303_145036-sol-ext4-derived-trace-sampling-btreefix-4g/runs/pass1/docker/btree/v1/trace.tracy	/shared/nockchain-ext4-bench/artifacts/runs/20260303_145036-sol-ext4-derived-trace-sampling-btreefix-4g/runs/pass1/docker/btree/v1/trace-capture.log	0	0	0	0	20260303_145036-sol-ext4-derived-trace-sampling-btreefix-4g	raw/20260303_145036-sol-ext4-derived-trace-sampling-btreefix-4g/runs/pass1/docker/btree/v1/profile.json	raw/20260303_145036-sol-ext4-derived-trace-sampling-btreefix-4g/runs/pass1/docker/btree/v1/bench.log	raw/20260303_145036-sol-ext4-derived-trace-sampling-btreefix-4g/runs/pass1/docker/btree/v1/time.txt	raw/20260303_145036-sol-ext4-derived-trace-sampling-btreefix-4g/runs/pass1/docker/btree/v1/perf-summary.json	raw/20260303_145036-sol-ext4-derived-trace-sampling-btreefix-4g/runs/pass1/docker/btree/v1/perf-flamegraph.svg	raw/20260303_145036-sol-ext4-derived-trace-sampling-btreefix-4g/runs/pass1/docker/btree/v1/perf-report.txt	raw/20260303_145036-sol-ext4-derived-trace-sampling-btreefix-4g/runs/pass1/docker/btree/v1/perf.folded	raw/20260303_145036-sol-ext4-derived-trace-sampling-btreefix-4g/runs/pass1/docker/btree/v1/perf.data	raw/20260303_145036-sol-ext4-derived-trace-sampling-btreefix-4g/runs/pass1/docker/btree/v1/trace.tracy	raw/20260303_145036-sol-ext4-derived-trace-sampling-btreefix-4g/runs/pass1/docker/btree/v1/trace-capture.log
4g	20260303_145036	1	docker	btree	v2	100	0	3.005543003	1.906430717	19.064307170000003	52.45404362628091	0	6	0	1	1298.33984375	1298.33984375	150.86328125	16448.00390625	928	1139.9140625	158.42578125	64856	2	0:05.42	29636	0	/shared/nockchain-ext4-bench/artifacts/runs/20260303_145036-sol-ext4-derived-trace-sampling-btreefix-4g/runs/pass1/docker/btree/v2/profile.json	/shared/nockchain-ext4-bench/artifacts/runs/20260303_145036-sol-ext4-derived-trace-sampling-btreefix-4g/runs/pass1/docker/btree/v2/bench.log	/shared/nockchain-ext4-bench/artifacts/runs/20260303_145036-sol-ext4-derived-trace-sampling-btreefix-4g/runs/pass1/docker/btree/v2/time.txt	0	0	/shared/nockchain-ext4-bench/artifacts/runs/20260303_145036-sol-ext4-derived-trace-sampling-btreefix-4g/runs/pass1/docker/btree/v2/perf-summary.json	/shared/nockchain-ext4-bench/artifacts/runs/20260303_145036-sol-ext4-derived-trace-sampling-btreefix-4g/runs/pass1/docker/btree/v2/perf-flamegraph.svg	/shared/nockchain-ext4-bench/artifacts/runs/20260303_145036-sol-ext4-derived-trace-sampling-btreefix-4g/runs/pass1/docker/btree/v2/perf-report.txt	/shared/nockchain-ext4-bench/artifacts/runs/20260303_145036-sol-ext4-derived-trace-sampling-btreefix-4g/runs/pass1/docker/btree/v2/perf.folded	/shared/nockchain-ext4-bench/artifacts/runs/20260303_145036-sol-ext4-derived-trace-sampling-btreefix-4g/runs/pass1/docker/btree/v2/perf.data	/shared/nockchain-ext4-bench/artifacts/runs/20260303_145036-sol-ext4-derived-trace-sampling-btreefix-4g/runs/pass1/docker/btree/v2/trace.tracy	/shared/nockchain-ext4-bench/artifacts/runs/20260303_145036-sol-ext4-derived-trace-sampling-btreefix-4g/runs/pass1/docker/btree/v2/trace-capture.log	0	0	0	0	20260303_145036-sol-ext4-derived-trace-sampling-btreefix-4g	raw/20260303_145036-sol-ext4-derived-trace-sampling-btreefix-4g/runs/pass1/docker/btree/v2/profile.json	raw/20260303_145036-sol-ext4-derived-trace-sampling-btreefix-4g/runs/pass1/docker/btree/v2/bench.log	raw/20260303_145036-sol-ext4-derived-trace-sampling-btreefix-4g/runs/pass1/docker/btree/v2/time.txt	raw/20260303_145036-sol-ext4-derived-trace-sampling-btreefix-4g/runs/pass1/docker/btree/v2/perf-summary.json	raw/20260303_145036-sol-ext4-derived-trace-sampling-btreefix-4g/runs/pass1/docker/btree/v2/perf-flamegraph.svg	raw/20260303_145036-sol-ext4-derived-trace-sampling-btreefix-4g/runs/pass1/docker/btree/v2/perf-report.txt	raw/20260303_145036-sol-ext4-derived-trace-sampling-btreefix-4g/runs/pass1/docker/btree/v2/perf.folded	raw/20260303_145036-sol-ext4-derived-trace-sampling-btreefix-4g/runs/pass1/docker/btree/v2/perf.data	raw/20260303_145036-sol-ext4-derived-trace-sampling-btreefix-4g/runs/pass1/docker/btree/v2/trace.tracy	raw/20260303_145036-sol-ext4-derived-trace-sampling-btreefix-4g/runs/pass1/docker/btree/v2/trace-capture.log
8g	20260303_145132	1	docker	master	v0	100	0	2.4339338440000002	4.375682901	43.756829010000004	22.853575604655084	0	11	0	0	1063.4296875	1063.4296875	0	0	928	1056.55859375	6.87109375	21571	0	0:07.08	30616	0	/shared/nockchain-ext4-bench/artifacts/runs/20260303_145132-sol-ext4-derived-trace-sampling-btreefix-8g/runs/pass1/docker/master/v0/profile.json	/shared/nockchain-ext4-bench/artifacts/runs/20260303_145132-sol-ext4-derived-trace-sampling-btreefix-8g/runs/pass1/docker/master/v0/bench.log	/shared/nockchain-ext4-bench/artifacts/runs/20260303_145132-sol-ext4-derived-trace-sampling-btreefix-8g/runs/pass1/docker/master/v0/time.txt	0	0	/shared/nockchain-ext4-bench/artifacts/runs/20260303_145132-sol-ext4-derived-trace-sampling-btreefix-8g/runs/pass1/docker/master/v0/perf-summary.json	/shared/nockchain-ext4-bench/artifacts/runs/20260303_145132-sol-ext4-derived-trace-sampling-btreefix-8g/runs/pass1/docker/master/v0/perf-flamegraph.svg	/shared/nockchain-ext4-bench/artifacts/runs/20260303_145132-sol-ext4-derived-trace-sampling-btreefix-8g/runs/pass1/docker/master/v0/perf-report.txt	/shared/nockchain-ext4-bench/artifacts/runs/20260303_145132-sol-ext4-derived-trace-sampling-btreefix-8g/runs/pass1/docker/master/v0/perf.folded	/shared/nockchain-ext4-bench/artifacts/runs/20260303_145132-sol-ext4-derived-trace-sampling-btreefix-8g/runs/pass1/docker/master/v0/perf.data	/shared/nockchain-ext4-bench/artifacts/runs/20260303_145132-sol-ext4-derived-trace-sampling-btreefix-8g/runs/pass1/docker/master/v0/trace.tracy	/shared/nockchain-ext4-bench/artifacts/runs/20260303_145132-sol-ext4-derived-trace-sampling-btreefix-8g/runs/pass1/docker/master/v0/trace-capture.log	0	0	0	0	20260303_145132-sol-ext4-derived-trace-sampling-btreefix-8g	raw/20260303_145132-sol-ext4-derived-trace-sampling-btreefix-8g/runs/pass1/docker/master/v0/profile.json	raw/20260303_145132-sol-ext4-derived-trace-sampling-btreefix-8g/runs/pass1/docker/master/v0/bench.log	raw/20260303_145132-sol-ext4-derived-trace-sampling-btreefix-8g/runs/pass1/docker/master/v0/time.txt	raw/20260303_145132-sol-ext4-derived-trace-sampling-btreefix-8g/runs/pass1/docker/master/v0/perf-summary.json	raw/20260303_145132-sol-ext4-derived-trace-sampling-btreefix-8g/runs/pass1/docker/master/v0/perf-flamegraph.svg	raw/20260303_145132-sol-ext4-derived-trace-sampling-btreefix-8g/runs/pass1/docker/master/v0/perf-report.txt	raw/20260303_145132-sol-ext4-derived-trace-sampling-btreefix-8g/runs/pass1/docker/master/v0/perf.folded	raw/20260303_145132-sol-ext4-derived-trace-sampling-btreefix-8g/runs/pass1/docker/master/v0/perf.data	raw/20260303_145132-sol-ext4-derived-trace-sampling-btreefix-8g/runs/pass1/docker/master/v0/trace.tracy	raw/20260303_145132-sol-ext4-derived-trace-sampling-btreefix-8g/runs/pass1/docker/master/v0/trace-capture.log
8g	20260303_145132	1	docker	master	v1	100	0	2.44647076	4.561423101	45.61423101	21.92298275905978	0	11	0	0	1063.671875	1063.671875	0	0	928.04296875	1056.62890625	7.04296875	21075	0	0:07.34	30096	0	/shared/nockchain-ext4-bench/artifacts/runs/20260303_145132-sol-ext4-derived-trace-sampling-btreefix-8g/runs/pass1/docker/master/v1/profile.json	/shared/nockchain-ext4-bench/artifacts/runs/20260303_145132-sol-ext4-derived-trace-sampling-btreefix-8g/runs/pass1/docker/master/v1/bench.log	/shared/nockchain-ext4-bench/artifacts/runs/20260303_145132-sol-ext4-derived-trace-sampling-btreefix-8g/runs/pass1/docker/master/v1/time.txt	0	0	/shared/nockchain-ext4-bench/artifacts/runs/20260303_145132-sol-ext4-derived-trace-sampling-btreefix-8g/runs/pass1/docker/master/v1/perf-summary.json	/shared/nockchain-ext4-bench/artifacts/runs/20260303_145132-sol-ext4-derived-trace-sampling-btreefix-8g/runs/pass1/docker/master/v1/perf-flamegraph.svg	/shared/nockchain-ext4-bench/artifacts/runs/20260303_145132-sol-ext4-derived-trace-sampling-btreefix-8g/runs/pass1/docker/master/v1/perf-report.txt	/shared/nockchain-ext4-bench/artifacts/runs/20260303_145132-sol-ext4-derived-trace-sampling-btreefix-8g/runs/pass1/docker/master/v1/perf.folded	/shared/nockchain-ext4-bench/artifacts/runs/20260303_145132-sol-ext4-derived-trace-sampling-btreefix-8g/runs/pass1/docker/master/v1/perf.data	/shared/nockchain-ext4-bench/artifacts/runs/20260303_145132-sol-ext4-derived-trace-sampling-btreefix-8g/runs/pass1/docker/master/v1/trace.tracy	/shared/nockchain-ext4-bench/artifacts/runs/20260303_145132-sol-ext4-derived-trace-sampling-btreefix-8g/runs/pass1/docker/master/v1/trace-capture.log	0	0	0	0	20260303_145132-sol-ext4-derived-trace-sampling-btreefix-8g	raw/20260303_145132-sol-ext4-derived-trace-sampling-btreefix-8g/runs/pass1/docker/master/v1/profile.json	raw/20260303_145132-sol-ext4-derived-trace-sampling-btreefix-8g/runs/pass1/docker/master/v1/bench.log	raw/20260303_145132-sol-ext4-derived-trace-sampling-btreefix-8g/runs/pass1/docker/master/v1/time.txt	raw/20260303_145132-sol-ext4-derived-trace-sampling-btreefix-8g/runs/pass1/docker/master/v1/perf-summary.json	raw/20260303_145132-sol-ext4-derived-trace-sampling-btreefix-8g/runs/pass1/docker/master/v1/perf-flamegraph.svg	raw/20260303_145132-sol-ext4-derived-trace-sampling-btreefix-8g/runs/pass1/docker/master/v1/perf-report.txt	raw/20260303_145132-sol-ext4-derived-trace-sampling-btreefix-8g/runs/pass1/docker/master/v1/perf.folded	raw/20260303_145132-sol-ext4-derived-trace-sampling-btreefix-8g/runs/pass1/docker/master/v1/perf.data	raw/20260303_145132-sol-ext4-derived-trace-sampling-btreefix-8g/runs/pass1/docker/master/v1/trace.tracy	raw/20260303_145132-sol-ext4-derived-trace-sampling-btreefix-8g/runs/pass1/docker/master/v1/trace-capture.log
8g	20260303_145132	1	docker	master	v2	100	0	2.4669033000000002	4.586316325	45.86316325000001	21.80399102759228	0	11	0	0	1063.42578125	1063.42578125	0	0	928.04296875	1056.5859375	6.83984375	21584	0	0:07.31	29348	0	/shared/nockchain-ext4-bench/artifacts/runs/20260303_145132-sol-ext4-derived-trace-sampling-btreefix-8g/runs/pass1/docker/master/v2/profile.json	/shared/nockchain-ext4-bench/artifacts/runs/20260303_145132-sol-ext4-derived-trace-sampling-btreefix-8g/runs/pass1/docker/master/v2/bench.log	/shared/nockchain-ext4-bench/artifacts/runs/20260303_145132-sol-ext4-derived-trace-sampling-btreefix-8g/runs/pass1/docker/master/v2/time.txt	0	0	/shared/nockchain-ext4-bench/artifacts/runs/20260303_145132-sol-ext4-derived-trace-sampling-btreefix-8g/runs/pass1/docker/master/v2/perf-summary.json	/shared/nockchain-ext4-bench/artifacts/runs/20260303_145132-sol-ext4-derived-trace-sampling-btreefix-8g/runs/pass1/docker/master/v2/perf-flamegraph.svg	/shared/nockchain-ext4-bench/artifacts/runs/20260303_145132-sol-ext4-derived-trace-sampling-btreefix-8g/runs/pass1/docker/master/v2/perf-report.txt	/shared/nockchain-ext4-bench/artifacts/runs/20260303_145132-sol-ext4-derived-trace-sampling-btreefix-8g/runs/pass1/docker/master/v2/perf.folded	/shared/nockchain-ext4-bench/artifacts/runs/20260303_145132-sol-ext4-derived-trace-sampling-btreefix-8g/runs/pass1/docker/master/v2/perf.data	/shared/nockchain-ext4-bench/artifacts/runs/20260303_145132-sol-ext4-derived-trace-sampling-btreefix-8g/runs/pass1/docker/master/v2/trace.tracy	/shared/nockchain-ext4-bench/artifacts/runs/20260303_145132-sol-ext4-derived-trace-sampling-btreefix-8g/runs/pass1/docker/master/v2/trace-capture.log	0	0	0	0	20260303_145132-sol-ext4-derived-trace-sampling-btreefix-8g	raw/20260303_145132-sol-ext4-derived-trace-sampling-btreefix-8g/runs/pass1/docker/master/v2/profile.json	raw/20260303_145132-sol-ext4-derived-trace-sampling-btreefix-8g/runs/pass1/docker/master/v2/bench.log	raw/20260303_145132-sol-ext4-derived-trace-sampling-btreefix-8g/runs/pass1/docker/master/v2/time.txt	raw/20260303_145132-sol-ext4-derived-trace-sampling-btreefix-8g/runs/pass1/docker/master/v2/perf-summary.json	raw/20260303_145132-sol-ext4-derived-trace-sampling-btreefix-8g/runs/pass1/docker/master/v2/perf-flamegraph.svg	raw/20260303_145132-sol-ext4-derived-trace-sampling-btreefix-8g/runs/pass1/docker/master/v2/perf-report.txt	raw/20260303_145132-sol-ext4-derived-trace-sampling-btreefix-8g/runs/pass1/docker/master/v2/perf.folded	raw/20260303_145132-sol-ext4-derived-trace-sampling-btreefix-8g/runs/pass1/docker/master/v2/perf.data	raw/20260303_145132-sol-ext4-derived-trace-sampling-btreefix-8g/runs/pass1/docker/master/v2/trace.tracy	raw/20260303_145132-sol-ext4-derived-trace-sampling-btreefix-8g/runs/pass1/docker/master/v2/trace-capture.log
8g	20260303_145132	1	docker	bump PMA	v0	100	0	3.060465395	1.895430097	18.954300970000002	52.758474268333835	0	6	0	1	1170.7890625	1170.7890625	86.51171875	16384.00390625	928	1077.0546875	93.734375	46799	2	0:05.47	30664	0	/shared/nockchain-ext4-bench/artifacts/runs/20260303_145132-sol-ext4-derived-trace-sampling-btreefix-8g/runs/pass1/docker/streaming/v0/profile.json	/shared/nockchain-ext4-bench/artifacts/runs/20260303_145132-sol-ext4-derived-trace-sampling-btreefix-8g/runs/pass1/docker/streaming/v0/bench.log	/shared/nockchain-ext4-bench/artifacts/runs/20260303_145132-sol-ext4-derived-trace-sampling-btreefix-8g/runs/pass1/docker/streaming/v0/time.txt	0	0	/shared/nockchain-ext4-bench/artifacts/runs/20260303_145132-sol-ext4-derived-trace-sampling-btreefix-8g/runs/pass1/docker/streaming/v0/perf-summary.json	/shared/nockchain-ext4-bench/artifacts/runs/20260303_145132-sol-ext4-derived-trace-sampling-btreefix-8g/runs/pass1/docker/streaming/v0/perf-flamegraph.svg	/shared/nockchain-ext4-bench/artifacts/runs/20260303_145132-sol-ext4-derived-trace-sampling-btreefix-8g/runs/pass1/docker/streaming/v0/perf-report.txt	/shared/nockchain-ext4-bench/artifacts/runs/20260303_145132-sol-ext4-derived-trace-sampling-btreefix-8g/runs/pass1/docker/streaming/v0/perf.folded	/shared/nockchain-ext4-bench/artifacts/runs/20260303_145132-sol-ext4-derived-trace-sampling-btreefix-8g/runs/pass1/docker/streaming/v0/perf.data	/shared/nockchain-ext4-bench/artifacts/runs/20260303_145132-sol-ext4-derived-trace-sampling-btreefix-8g/runs/pass1/docker/streaming/v0/trace.tracy	/shared/nockchain-ext4-bench/artifacts/runs/20260303_145132-sol-ext4-derived-trace-sampling-btreefix-8g/runs/pass1/docker/streaming/v0/trace-capture.log	0	0	0	0	20260303_145132-sol-ext4-derived-trace-sampling-btreefix-8g	raw/20260303_145132-sol-ext4-derived-trace-sampling-btreefix-8g/runs/pass1/docker/streaming/v0/profile.json	raw/20260303_145132-sol-ext4-derived-trace-sampling-btreefix-8g/runs/pass1/docker/streaming/v0/bench.log	raw/20260303_145132-sol-ext4-derived-trace-sampling-btreefix-8g/runs/pass1/docker/streaming/v0/time.txt	raw/20260303_145132-sol-ext4-derived-trace-sampling-btreefix-8g/runs/pass1/docker/streaming/v0/perf-summary.json	raw/20260303_145132-sol-ext4-derived-trace-sampling-btreefix-8g/runs/pass1/docker/streaming/v0/perf-flamegraph.svg	raw/20260303_145132-sol-ext4-derived-trace-sampling-btreefix-8g/runs/pass1/docker/streaming/v0/perf-report.txt	raw/20260303_145132-sol-ext4-derived-trace-sampling-btreefix-8g/runs/pass1/docker/streaming/v0/perf.folded	raw/20260303_145132-sol-ext4-derived-trace-sampling-btreefix-8g/runs/pass1/docker/streaming/v0/perf.data	raw/20260303_145132-sol-ext4-derived-trace-sampling-btreefix-8g/runs/pass1/docker/streaming/v0/trace.tracy	raw/20260303_145132-sol-ext4-derived-trace-sampling-btreefix-8g/runs/pass1/docker/streaming/v0/trace-capture.log
8g	20260303_145132	1	docker	bump PMA	v1	100	0	2.988365343	1.9093900289999999	19.09390029	52.37274652176368	0	6	0	1	1170.140625	1170.140625	86.51171875	16384.00390625	928	1076.3515625	93.7890625	47630	2	0:05.26	30152	0	/shared/nockchain-ext4-bench/artifacts/runs/20260303_145132-sol-ext4-derived-trace-sampling-btreefix-8g/runs/pass1/docker/streaming/v1/profile.json	/shared/nockchain-ext4-bench/artifacts/runs/20260303_145132-sol-ext4-derived-trace-sampling-btreefix-8g/runs/pass1/docker/streaming/v1/bench.log	/shared/nockchain-ext4-bench/artifacts/runs/20260303_145132-sol-ext4-derived-trace-sampling-btreefix-8g/runs/pass1/docker/streaming/v1/time.txt	0	0	/shared/nockchain-ext4-bench/artifacts/runs/20260303_145132-sol-ext4-derived-trace-sampling-btreefix-8g/runs/pass1/docker/streaming/v1/perf-summary.json	/shared/nockchain-ext4-bench/artifacts/runs/20260303_145132-sol-ext4-derived-trace-sampling-btreefix-8g/runs/pass1/docker/streaming/v1/perf-flamegraph.svg	/shared/nockchain-ext4-bench/artifacts/runs/20260303_145132-sol-ext4-derived-trace-sampling-btreefix-8g/runs/pass1/docker/streaming/v1/perf-report.txt	/shared/nockchain-ext4-bench/artifacts/runs/20260303_145132-sol-ext4-derived-trace-sampling-btreefix-8g/runs/pass1/docker/streaming/v1/perf.folded	/shared/nockchain-ext4-bench/artifacts/runs/20260303_145132-sol-ext4-derived-trace-sampling-btreefix-8g/runs/pass1/docker/streaming/v1/perf.data	/shared/nockchain-ext4-bench/artifacts/runs/20260303_145132-sol-ext4-derived-trace-sampling-btreefix-8g/runs/pass1/docker/streaming/v1/trace.tracy	/shared/nockchain-ext4-bench/artifacts/runs/20260303_145132-sol-ext4-derived-trace-sampling-btreefix-8g/runs/pass1/docker/streaming/v1/trace-capture.log	0	0	0	0	20260303_145132-sol-ext4-derived-trace-sampling-btreefix-8g	raw/20260303_145132-sol-ext4-derived-trace-sampling-btreefix-8g/runs/pass1/docker/streaming/v1/profile.json	raw/20260303_145132-sol-ext4-derived-trace-sampling-btreefix-8g/runs/pass1/docker/streaming/v1/bench.log	raw/20260303_145132-sol-ext4-derived-trace-sampling-btreefix-8g/runs/pass1/docker/streaming/v1/time.txt	raw/20260303_145132-sol-ext4-derived-trace-sampling-btreefix-8g/runs/pass1/docker/streaming/v1/perf-summary.json	raw/20260303_145132-sol-ext4-derived-trace-sampling-btreefix-8g/runs/pass1/docker/streaming/v1/perf-flamegraph.svg	raw/20260303_145132-sol-ext4-derived-trace-sampling-btreefix-8g/runs/pass1/docker/streaming/v1/perf-report.txt	raw/20260303_145132-sol-ext4-derived-trace-sampling-btreefix-8g/runs/pass1/docker/streaming/v1/perf.folded	raw/20260303_145132-sol-ext4-derived-trace-sampling-btreefix-8g/runs/pass1/docker/streaming/v1/perf.data	raw/20260303_145132-sol-ext4-derived-trace-sampling-btreefix-8g/runs/pass1/docker/streaming/v1/trace.tracy	raw/20260303_145132-sol-ext4-derived-trace-sampling-btreefix-8g/runs/pass1/docker/streaming/v1/trace-capture.log
8g	20260303_145132	1	docker	bump PMA	v2	100	0	3.041197035	1.9276722259999999	19.27672226	51.876039220373144	0	6	0	1	1169.6328125	1169.6328125	86.51171875	16384.00390625	928	1075.8984375	93.734375	47323	2	0:05.33	30816	0	/shared/nockchain-ext4-bench/artifacts/runs/20260303_145132-sol-ext4-derived-trace-sampling-btreefix-8g/runs/pass1/docker/streaming/v2/profile.json	/shared/nockchain-ext4-bench/artifacts/runs/20260303_145132-sol-ext4-derived-trace-sampling-btreefix-8g/runs/pass1/docker/streaming/v2/bench.log	/shared/nockchain-ext4-bench/artifacts/runs/20260303_145132-sol-ext4-derived-trace-sampling-btreefix-8g/runs/pass1/docker/streaming/v2/time.txt	0	0	/shared/nockchain-ext4-bench/artifacts/runs/20260303_145132-sol-ext4-derived-trace-sampling-btreefix-8g/runs/pass1/docker/streaming/v2/perf-summary.json	/shared/nockchain-ext4-bench/artifacts/runs/20260303_145132-sol-ext4-derived-trace-sampling-btreefix-8g/runs/pass1/docker/streaming/v2/perf-flamegraph.svg	/shared/nockchain-ext4-bench/artifacts/runs/20260303_145132-sol-ext4-derived-trace-sampling-btreefix-8g/runs/pass1/docker/streaming/v2/perf-report.txt	/shared/nockchain-ext4-bench/artifacts/runs/20260303_145132-sol-ext4-derived-trace-sampling-btreefix-8g/runs/pass1/docker/streaming/v2/perf.folded	/shared/nockchain-ext4-bench/artifacts/runs/20260303_145132-sol-ext4-derived-trace-sampling-btreefix-8g/runs/pass1/docker/streaming/v2/perf.data	/shared/nockchain-ext4-bench/artifacts/runs/20260303_145132-sol-ext4-derived-trace-sampling-btreefix-8g/runs/pass1/docker/streaming/v2/trace.tracy	/shared/nockchain-ext4-bench/artifacts/runs/20260303_145132-sol-ext4-derived-trace-sampling-btreefix-8g/runs/pass1/docker/streaming/v2/trace-capture.log	0	0	0	0	20260303_145132-sol-ext4-derived-trace-sampling-btreefix-8g	raw/20260303_145132-sol-ext4-derived-trace-sampling-btreefix-8g/runs/pass1/docker/streaming/v2/profile.json	raw/20260303_145132-sol-ext4-derived-trace-sampling-btreefix-8g/runs/pass1/docker/streaming/v2/bench.log	raw/20260303_145132-sol-ext4-derived-trace-sampling-btreefix-8g/runs/pass1/docker/streaming/v2/time.txt	raw/20260303_145132-sol-ext4-derived-trace-sampling-btreefix-8g/runs/pass1/docker/streaming/v2/perf-summary.json	raw/20260303_145132-sol-ext4-derived-trace-sampling-btreefix-8g/runs/pass1/docker/streaming/v2/perf-flamegraph.svg	raw/20260303_145132-sol-ext4-derived-trace-sampling-btreefix-8g/runs/pass1/docker/streaming/v2/perf-report.txt	raw/20260303_145132-sol-ext4-derived-trace-sampling-btreefix-8g/runs/pass1/docker/streaming/v2/perf.folded	raw/20260303_145132-sol-ext4-derived-trace-sampling-btreefix-8g/runs/pass1/docker/streaming/v2/perf.data	raw/20260303_145132-sol-ext4-derived-trace-sampling-btreefix-8g/runs/pass1/docker/streaming/v2/trace.tracy	raw/20260303_145132-sol-ext4-derived-trace-sampling-btreefix-8g/runs/pass1/docker/streaming/v2/trace-capture.log
8g	20260303_145132	1	docker	btree	v0	100	0	3.110313217	1.898720152	18.98720152	52.66705569784251	0	6	0	1	1298.03515625	1298.03515625	150.8671875	16448.00390625	928	1139.875	158.16015625	64324	2	0:05.41	29672	0	/shared/nockchain-ext4-bench/artifacts/runs/20260303_145132-sol-ext4-derived-trace-sampling-btreefix-8g/runs/pass1/docker/btree/v0/profile.json	/shared/nockchain-ext4-bench/artifacts/runs/20260303_145132-sol-ext4-derived-trace-sampling-btreefix-8g/runs/pass1/docker/btree/v0/bench.log	/shared/nockchain-ext4-bench/artifacts/runs/20260303_145132-sol-ext4-derived-trace-sampling-btreefix-8g/runs/pass1/docker/btree/v0/time.txt	0	0	/shared/nockchain-ext4-bench/artifacts/runs/20260303_145132-sol-ext4-derived-trace-sampling-btreefix-8g/runs/pass1/docker/btree/v0/perf-summary.json	/shared/nockchain-ext4-bench/artifacts/runs/20260303_145132-sol-ext4-derived-trace-sampling-btreefix-8g/runs/pass1/docker/btree/v0/perf-flamegraph.svg	/shared/nockchain-ext4-bench/artifacts/runs/20260303_145132-sol-ext4-derived-trace-sampling-btreefix-8g/runs/pass1/docker/btree/v0/perf-report.txt	/shared/nockchain-ext4-bench/artifacts/runs/20260303_145132-sol-ext4-derived-trace-sampling-btreefix-8g/runs/pass1/docker/btree/v0/perf.folded	/shared/nockchain-ext4-bench/artifacts/runs/20260303_145132-sol-ext4-derived-trace-sampling-btreefix-8g/runs/pass1/docker/btree/v0/perf.data	/shared/nockchain-ext4-bench/artifacts/runs/20260303_145132-sol-ext4-derived-trace-sampling-btreefix-8g/runs/pass1/docker/btree/v0/trace.tracy	/shared/nockchain-ext4-bench/artifacts/runs/20260303_145132-sol-ext4-derived-trace-sampling-btreefix-8g/runs/pass1/docker/btree/v0/trace-capture.log	0	0	0	0	20260303_145132-sol-ext4-derived-trace-sampling-btreefix-8g	raw/20260303_145132-sol-ext4-derived-trace-sampling-btreefix-8g/runs/pass1/docker/btree/v0/profile.json	raw/20260303_145132-sol-ext4-derived-trace-sampling-btreefix-8g/runs/pass1/docker/btree/v0/bench.log	raw/20260303_145132-sol-ext4-derived-trace-sampling-btreefix-8g/runs/pass1/docker/btree/v0/time.txt	raw/20260303_145132-sol-ext4-derived-trace-sampling-btreefix-8g/runs/pass1/docker/btree/v0/perf-summary.json	raw/20260303_145132-sol-ext4-derived-trace-sampling-btreefix-8g/runs/pass1/docker/btree/v0/perf-flamegraph.svg	raw/20260303_145132-sol-ext4-derived-trace-sampling-btreefix-8g/runs/pass1/docker/btree/v0/perf-report.txt	raw/20260303_145132-sol-ext4-derived-trace-sampling-btreefix-8g/runs/pass1/docker/btree/v0/perf.folded	raw/20260303_145132-sol-ext4-derived-trace-sampling-btreefix-8g/runs/pass1/docker/btree/v0/perf.data	raw/20260303_145132-sol-ext4-derived-trace-sampling-btreefix-8g/runs/pass1/docker/btree/v0/trace.tracy	raw/20260303_145132-sol-ext4-derived-trace-sampling-btreefix-8g/runs/pass1/docker/btree/v0/trace-capture.log
8g	20260303_145132	1	docker	btree	v1	100	0	3.080505786	1.9120509509999999	19.120509509999998	52.29986154275865	0	6	0	1	1298.38671875	1298.38671875	150.86328125	16448.00390625	928	1139.9609375	158.42578125	64856	2	0:05.50	30964	0	/shared/nockchain-ext4-bench/artifacts/runs/20260303_145132-sol-ext4-derived-trace-sampling-btreefix-8g/runs/pass1/docker/btree/v1/profile.json	/shared/nockchain-ext4-bench/artifacts/runs/20260303_145132-sol-ext4-derived-trace-sampling-btreefix-8g/runs/pass1/docker/btree/v1/bench.log	/shared/nockchain-ext4-bench/artifacts/runs/20260303_145132-sol-ext4-derived-trace-sampling-btreefix-8g/runs/pass1/docker/btree/v1/time.txt	0	0	/shared/nockchain-ext4-bench/artifacts/runs/20260303_145132-sol-ext4-derived-trace-sampling-btreefix-8g/runs/pass1/docker/btree/v1/perf-summary.json	/shared/nockchain-ext4-bench/artifacts/runs/20260303_145132-sol-ext4-derived-trace-sampling-btreefix-8g/runs/pass1/docker/btree/v1/perf-flamegraph.svg	/shared/nockchain-ext4-bench/artifacts/runs/20260303_145132-sol-ext4-derived-trace-sampling-btreefix-8g/runs/pass1/docker/btree/v1/perf-report.txt	/shared/nockchain-ext4-bench/artifacts/runs/20260303_145132-sol-ext4-derived-trace-sampling-btreefix-8g/runs/pass1/docker/btree/v1/perf.folded	/shared/nockchain-ext4-bench/artifacts/runs/20260303_145132-sol-ext4-derived-trace-sampling-btreefix-8g/runs/pass1/docker/btree/v1/perf.data	/shared/nockchain-ext4-bench/artifacts/runs/20260303_145132-sol-ext4-derived-trace-sampling-btreefix-8g/runs/pass1/docker/btree/v1/trace.tracy	/shared/nockchain-ext4-bench/artifacts/runs/20260303_145132-sol-ext4-derived-trace-sampling-btreefix-8g/runs/pass1/docker/btree/v1/trace-capture.log	0	0	0	0	20260303_145132-sol-ext4-derived-trace-sampling-btreefix-8g	raw/20260303_145132-sol-ext4-derived-trace-sampling-btreefix-8g/runs/pass1/docker/btree/v1/profile.json	raw/20260303_145132-sol-ext4-derived-trace-sampling-btreefix-8g/runs/pass1/docker/btree/v1/bench.log	raw/20260303_145132-sol-ext4-derived-trace-sampling-btreefix-8g/runs/pass1/docker/btree/v1/time.txt	raw/20260303_145132-sol-ext4-derived-trace-sampling-btreefix-8g/runs/pass1/docker/btree/v1/perf-summary.json	raw/20260303_145132-sol-ext4-derived-trace-sampling-btreefix-8g/runs/pass1/docker/btree/v1/perf-flamegraph.svg	raw/20260303_145132-sol-ext4-derived-trace-sampling-btreefix-8g/runs/pass1/docker/btree/v1/perf-report.txt	raw/20260303_145132-sol-ext4-derived-trace-sampling-btreefix-8g/runs/pass1/docker/btree/v1/perf.folded	raw/20260303_145132-sol-ext4-derived-trace-sampling-btreefix-8g/runs/pass1/docker/btree/v1/perf.data	raw/20260303_145132-sol-ext4-derived-trace-sampling-btreefix-8g/runs/pass1/docker/btree/v1/trace.tracy	raw/20260303_145132-sol-ext4-derived-trace-sampling-btreefix-8g/runs/pass1/docker/btree/v1/trace-capture.log
8g	20260303_145132	1	docker	btree	v2	100	0	3.073857159	1.873767797	18.737677969999996	53.36840571179909	0	6	0	1	1298.5390625	1298.5390625	150.86328125	16448.00390625	928	1140.20703125	158.33203125	64638	2	0:05.46	30044	0	/shared/nockchain-ext4-bench/artifacts/runs/20260303_145132-sol-ext4-derived-trace-sampling-btreefix-8g/runs/pass1/docker/btree/v2/profile.json	/shared/nockchain-ext4-bench/artifacts/runs/20260303_145132-sol-ext4-derived-trace-sampling-btreefix-8g/runs/pass1/docker/btree/v2/bench.log	/shared/nockchain-ext4-bench/artifacts/runs/20260303_145132-sol-ext4-derived-trace-sampling-btreefix-8g/runs/pass1/docker/btree/v2/time.txt	0	0	/shared/nockchain-ext4-bench/artifacts/runs/20260303_145132-sol-ext4-derived-trace-sampling-btreefix-8g/runs/pass1/docker/btree/v2/perf-summary.json	/shared/nockchain-ext4-bench/artifacts/runs/20260303_145132-sol-ext4-derived-trace-sampling-btreefix-8g/runs/pass1/docker/btree/v2/perf-flamegraph.svg	/shared/nockchain-ext4-bench/artifacts/runs/20260303_145132-sol-ext4-derived-trace-sampling-btreefix-8g/runs/pass1/docker/btree/v2/perf-report.txt	/shared/nockchain-ext4-bench/artifacts/runs/20260303_145132-sol-ext4-derived-trace-sampling-btreefix-8g/runs/pass1/docker/btree/v2/perf.folded	/shared/nockchain-ext4-bench/artifacts/runs/20260303_145132-sol-ext4-derived-trace-sampling-btreefix-8g/runs/pass1/docker/btree/v2/perf.data	/shared/nockchain-ext4-bench/artifacts/runs/20260303_145132-sol-ext4-derived-trace-sampling-btreefix-8g/runs/pass1/docker/btree/v2/trace.tracy	/shared/nockchain-ext4-bench/artifacts/runs/20260303_145132-sol-ext4-derived-trace-sampling-btreefix-8g/runs/pass1/docker/btree/v2/trace-capture.log	0	0	0	0	20260303_145132-sol-ext4-derived-trace-sampling-btreefix-8g	raw/20260303_145132-sol-ext4-derived-trace-sampling-btreefix-8g/runs/pass1/docker/btree/v2/profile.json	raw/20260303_145132-sol-ext4-derived-trace-sampling-btreefix-8g/runs/pass1/docker/btree/v2/bench.log	raw/20260303_145132-sol-ext4-derived-trace-sampling-btreefix-8g/runs/pass1/docker/btree/v2/time.txt	raw/20260303_145132-sol-ext4-derived-trace-sampling-btreefix-8g/runs/pass1/docker/btree/v2/perf-summary.json	raw/20260303_145132-sol-ext4-derived-trace-sampling-btreefix-8g/runs/pass1/docker/btree/v2/perf-flamegraph.svg	raw/20260303_145132-sol-ext4-derived-trace-sampling-btreefix-8g/runs/pass1/docker/btree/v2/perf-report.txt	raw/20260303_145132-sol-ext4-derived-trace-sampling-btreefix-8g/runs/pass1/docker/btree/v2/perf.folded	raw/20260303_145132-sol-ext4-derived-trace-sampling-btreefix-8g/runs/pass1/docker/btree/v2/perf.data	raw/20260303_145132-sol-ext4-derived-trace-sampling-btreefix-8g/runs/pass1/docker/btree/v2/trace.tracy	raw/20260303_145132-sol-ext4-derived-trace-sampling-btreefix-8g/runs/pass1/docker/btree/v2/trace-capture.log
16g	20260303_145229	1	docker	master	v0	100	0	2.428926452	4.697914394	46.97914393999999	21.28604133947529	0	12	0	0	1063.40234375	1063.40234375	0	0	928.04296875	1056.5625	6.83984375	21060	0	0:07.40	30708	0	/shared/nockchain-ext4-bench/artifacts/runs/20260303_145229-sol-ext4-derived-trace-sampling-btreefix-16g/runs/pass1/docker/master/v0/profile.json	/shared/nockchain-ext4-bench/artifacts/runs/20260303_145229-sol-ext4-derived-trace-sampling-btreefix-16g/runs/pass1/docker/master/v0/bench.log	/shared/nockchain-ext4-bench/artifacts/runs/20260303_145229-sol-ext4-derived-trace-sampling-btreefix-16g/runs/pass1/docker/master/v0/time.txt	0	0	/shared/nockchain-ext4-bench/artifacts/runs/20260303_145229-sol-ext4-derived-trace-sampling-btreefix-16g/runs/pass1/docker/master/v0/perf-summary.json	/shared/nockchain-ext4-bench/artifacts/runs/20260303_145229-sol-ext4-derived-trace-sampling-btreefix-16g/runs/pass1/docker/master/v0/perf-flamegraph.svg	/shared/nockchain-ext4-bench/artifacts/runs/20260303_145229-sol-ext4-derived-trace-sampling-btreefix-16g/runs/pass1/docker/master/v0/perf-report.txt	/shared/nockchain-ext4-bench/artifacts/runs/20260303_145229-sol-ext4-derived-trace-sampling-btreefix-16g/runs/pass1/docker/master/v0/perf.folded	/shared/nockchain-ext4-bench/artifacts/runs/20260303_145229-sol-ext4-derived-trace-sampling-btreefix-16g/runs/pass1/docker/master/v0/perf.data	/shared/nockchain-ext4-bench/artifacts/runs/20260303_145229-sol-ext4-derived-trace-sampling-btreefix-16g/runs/pass1/docker/master/v0/trace.tracy	/shared/nockchain-ext4-bench/artifacts/runs/20260303_145229-sol-ext4-derived-trace-sampling-btreefix-16g/runs/pass1/docker/master/v0/trace-capture.log	0	0	0	0	20260303_145229-sol-ext4-derived-trace-sampling-btreefix-16g	raw/20260303_145229-sol-ext4-derived-trace-sampling-btreefix-16g/runs/pass1/docker/master/v0/profile.json	raw/20260303_145229-sol-ext4-derived-trace-sampling-btreefix-16g/runs/pass1/docker/master/v0/bench.log	raw/20260303_145229-sol-ext4-derived-trace-sampling-btreefix-16g/runs/pass1/docker/master/v0/time.txt	raw/20260303_145229-sol-ext4-derived-trace-sampling-btreefix-16g/runs/pass1/docker/master/v0/perf-summary.json	raw/20260303_145229-sol-ext4-derived-trace-sampling-btreefix-16g/runs/pass1/docker/master/v0/perf-flamegraph.svg	raw/20260303_145229-sol-ext4-derived-trace-sampling-btreefix-16g/runs/pass1/docker/master/v0/perf-report.txt	raw/20260303_145229-sol-ext4-derived-trace-sampling-btreefix-16g/runs/pass1/docker/master/v0/perf.folded	raw/20260303_145229-sol-ext4-derived-trace-sampling-btreefix-16g/runs/pass1/docker/master/v0/perf.data	raw/20260303_145229-sol-ext4-derived-trace-sampling-btreefix-16g/runs/pass1/docker/master/v0/trace.tracy	raw/20260303_145229-sol-ext4-derived-trace-sampling-btreefix-16g/runs/pass1/docker/master/v0/trace-capture.log
16g	20260303_145229	1	docker	master	v1	100	0	2.463433367	4.428235789	44.28235789000001	22.582356668632215	0	11	0	0	1063.67578125	1063.67578125	0	0	928	1056.625	7.05078125	21580	0	0:07.16	31228	0	/shared/nockchain-ext4-bench/artifacts/runs/20260303_145229-sol-ext4-derived-trace-sampling-btreefix-16g/runs/pass1/docker/master/v1/profile.json	/shared/nockchain-ext4-bench/artifacts/runs/20260303_145229-sol-ext4-derived-trace-sampling-btreefix-16g/runs/pass1/docker/master/v1/bench.log	/shared/nockchain-ext4-bench/artifacts/runs/20260303_145229-sol-ext4-derived-trace-sampling-btreefix-16g/runs/pass1/docker/master/v1/time.txt	0	0	/shared/nockchain-ext4-bench/artifacts/runs/20260303_145229-sol-ext4-derived-trace-sampling-btreefix-16g/runs/pass1/docker/master/v1/perf-summary.json	/shared/nockchain-ext4-bench/artifacts/runs/20260303_145229-sol-ext4-derived-trace-sampling-btreefix-16g/runs/pass1/docker/master/v1/perf-flamegraph.svg	/shared/nockchain-ext4-bench/artifacts/runs/20260303_145229-sol-ext4-derived-trace-sampling-btreefix-16g/runs/pass1/docker/master/v1/perf-report.txt	/shared/nockchain-ext4-bench/artifacts/runs/20260303_145229-sol-ext4-derived-trace-sampling-btreefix-16g/runs/pass1/docker/master/v1/perf.folded	/shared/nockchain-ext4-bench/artifacts/runs/20260303_145229-sol-ext4-derived-trace-sampling-btreefix-16g/runs/pass1/docker/master/v1/perf.data	/shared/nockchain-ext4-bench/artifacts/runs/20260303_145229-sol-ext4-derived-trace-sampling-btreefix-16g/runs/pass1/docker/master/v1/trace.tracy	/shared/nockchain-ext4-bench/artifacts/runs/20260303_145229-sol-ext4-derived-trace-sampling-btreefix-16g/runs/pass1/docker/master/v1/trace-capture.log	0	0	0	0	20260303_145229-sol-ext4-derived-trace-sampling-btreefix-16g	raw/20260303_145229-sol-ext4-derived-trace-sampling-btreefix-16g/runs/pass1/docker/master/v1/profile.json	raw/20260303_145229-sol-ext4-derived-trace-sampling-btreefix-16g/runs/pass1/docker/master/v1/bench.log	raw/20260303_145229-sol-ext4-derived-trace-sampling-btreefix-16g/runs/pass1/docker/master/v1/time.txt	raw/20260303_145229-sol-ext4-derived-trace-sampling-btreefix-16g/runs/pass1/docker/master/v1/perf-summary.json	raw/20260303_145229-sol-ext4-derived-trace-sampling-btreefix-16g/runs/pass1/docker/master/v1/perf-flamegraph.svg	raw/20260303_145229-sol-ext4-derived-trace-sampling-btreefix-16g/runs/pass1/docker/master/v1/perf-report.txt	raw/20260303_145229-sol-ext4-derived-trace-sampling-btreefix-16g/runs/pass1/docker/master/v1/perf.folded	raw/20260303_145229-sol-ext4-derived-trace-sampling-btreefix-16g/runs/pass1/docker/master/v1/perf.data	raw/20260303_145229-sol-ext4-derived-trace-sampling-btreefix-16g/runs/pass1/docker/master/v1/trace.tracy	raw/20260303_145229-sol-ext4-derived-trace-sampling-btreefix-16g/runs/pass1/docker/master/v1/trace-capture.log
16g	20260303_145229	1	docker	master	v2	100	0	2.471577145	4.638482626	46.38482626	21.558774293876162	0	11	0	0	1063.58203125	1063.58203125	0	0	928.04296875	1056.5859375	6.99609375	21073	0	0:07.38	30360	0	/shared/nockchain-ext4-bench/artifacts/runs/20260303_145229-sol-ext4-derived-trace-sampling-btreefix-16g/runs/pass1/docker/master/v2/profile.json	/shared/nockchain-ext4-bench/artifacts/runs/20260303_145229-sol-ext4-derived-trace-sampling-btreefix-16g/runs/pass1/docker/master/v2/bench.log	/shared/nockchain-ext4-bench/artifacts/runs/20260303_145229-sol-ext4-derived-trace-sampling-btreefix-16g/runs/pass1/docker/master/v2/time.txt	0	0	/shared/nockchain-ext4-bench/artifacts/runs/20260303_145229-sol-ext4-derived-trace-sampling-btreefix-16g/runs/pass1/docker/master/v2/perf-summary.json	/shared/nockchain-ext4-bench/artifacts/runs/20260303_145229-sol-ext4-derived-trace-sampling-btreefix-16g/runs/pass1/docker/master/v2/perf-flamegraph.svg	/shared/nockchain-ext4-bench/artifacts/runs/20260303_145229-sol-ext4-derived-trace-sampling-btreefix-16g/runs/pass1/docker/master/v2/perf-report.txt	/shared/nockchain-ext4-bench/artifacts/runs/20260303_145229-sol-ext4-derived-trace-sampling-btreefix-16g/runs/pass1/docker/master/v2/perf.folded	/shared/nockchain-ext4-bench/artifacts/runs/20260303_145229-sol-ext4-derived-trace-sampling-btreefix-16g/runs/pass1/docker/master/v2/perf.data	/shared/nockchain-ext4-bench/artifacts/runs/20260303_145229-sol-ext4-derived-trace-sampling-btreefix-16g/runs/pass1/docker/master/v2/trace.tracy	/shared/nockchain-ext4-bench/artifacts/runs/20260303_145229-sol-ext4-derived-trace-sampling-btreefix-16g/runs/pass1/docker/master/v2/trace-capture.log	0	0	0	0	20260303_145229-sol-ext4-derived-trace-sampling-btreefix-16g	raw/20260303_145229-sol-ext4-derived-trace-sampling-btreefix-16g/runs/pass1/docker/master/v2/profile.json	raw/20260303_145229-sol-ext4-derived-trace-sampling-btreefix-16g/runs/pass1/docker/master/v2/bench.log	raw/20260303_145229-sol-ext4-derived-trace-sampling-btreefix-16g/runs/pass1/docker/master/v2/time.txt	raw/20260303_145229-sol-ext4-derived-trace-sampling-btreefix-16g/runs/pass1/docker/master/v2/perf-summary.json	raw/20260303_145229-sol-ext4-derived-trace-sampling-btreefix-16g/runs/pass1/docker/master/v2/perf-flamegraph.svg	raw/20260303_145229-sol-ext4-derived-trace-sampling-btreefix-16g/runs/pass1/docker/master/v2/perf-report.txt	raw/20260303_145229-sol-ext4-derived-trace-sampling-btreefix-16g/runs/pass1/docker/master/v2/perf.folded	raw/20260303_145229-sol-ext4-derived-trace-sampling-btreefix-16g/runs/pass1/docker/master/v2/perf.data	raw/20260303_145229-sol-ext4-derived-trace-sampling-btreefix-16g/runs/pass1/docker/master/v2/trace.tracy	raw/20260303_145229-sol-ext4-derived-trace-sampling-btreefix-16g/runs/pass1/docker/master/v2/trace-capture.log
16g	20260303_145229	1	docker	bump PMA	v0	100	0	3.041349621	1.923306669	19.23306669	51.99378841232521	0	6	0	1	1169.68359375	1169.68359375	86.51171875	16384.00390625	928	1075.890625	93.79296875	46800	2	0:05.31	30464	0	/shared/nockchain-ext4-bench/artifacts/runs/20260303_145229-sol-ext4-derived-trace-sampling-btreefix-16g/runs/pass1/docker/streaming/v0/profile.json	/shared/nockchain-ext4-bench/artifacts/runs/20260303_145229-sol-ext4-derived-trace-sampling-btreefix-16g/runs/pass1/docker/streaming/v0/bench.log	/shared/nockchain-ext4-bench/artifacts/runs/20260303_145229-sol-ext4-derived-trace-sampling-btreefix-16g/runs/pass1/docker/streaming/v0/time.txt	0	0	/shared/nockchain-ext4-bench/artifacts/runs/20260303_145229-sol-ext4-derived-trace-sampling-btreefix-16g/runs/pass1/docker/streaming/v0/perf-summary.json	/shared/nockchain-ext4-bench/artifacts/runs/20260303_145229-sol-ext4-derived-trace-sampling-btreefix-16g/runs/pass1/docker/streaming/v0/perf-flamegraph.svg	/shared/nockchain-ext4-bench/artifacts/runs/20260303_145229-sol-ext4-derived-trace-sampling-btreefix-16g/runs/pass1/docker/streaming/v0/perf-report.txt	/shared/nockchain-ext4-bench/artifacts/runs/20260303_145229-sol-ext4-derived-trace-sampling-btreefix-16g/runs/pass1/docker/streaming/v0/perf.folded	/shared/nockchain-ext4-bench/artifacts/runs/20260303_145229-sol-ext4-derived-trace-sampling-btreefix-16g/runs/pass1/docker/streaming/v0/perf.data	/shared/nockchain-ext4-bench/artifacts/runs/20260303_145229-sol-ext4-derived-trace-sampling-btreefix-16g/runs/pass1/docker/streaming/v0/trace.tracy	/shared/nockchain-ext4-bench/artifacts/runs/20260303_145229-sol-ext4-derived-trace-sampling-btreefix-16g/runs/pass1/docker/streaming/v0/trace-capture.log	0	0	0	0	20260303_145229-sol-ext4-derived-trace-sampling-btreefix-16g	raw/20260303_145229-sol-ext4-derived-trace-sampling-btreefix-16g/runs/pass1/docker/streaming/v0/profile.json	raw/20260303_145229-sol-ext4-derived-trace-sampling-btreefix-16g/runs/pass1/docker/streaming/v0/bench.log	raw/20260303_145229-sol-ext4-derived-trace-sampling-btreefix-16g/runs/pass1/docker/streaming/v0/time.txt	raw/20260303_145229-sol-ext4-derived-trace-sampling-btreefix-16g/runs/pass1/docker/streaming/v0/perf-summary.json	raw/20260303_145229-sol-ext4-derived-trace-sampling-btreefix-16g/runs/pass1/docker/streaming/v0/perf-flamegraph.svg	raw/20260303_145229-sol-ext4-derived-trace-sampling-btreefix-16g/runs/pass1/docker/streaming/v0/perf-report.txt	raw/20260303_145229-sol-ext4-derived-trace-sampling-btreefix-16g/runs/pass1/docker/streaming/v0/perf.folded	raw/20260303_145229-sol-ext4-derived-trace-sampling-btreefix-16g/runs/pass1/docker/streaming/v0/perf.data	raw/20260303_145229-sol-ext4-derived-trace-sampling-btreefix-16g/runs/pass1/docker/streaming/v0/trace.tracy	raw/20260303_145229-sol-ext4-derived-trace-sampling-btreefix-16g/runs/pass1/docker/streaming/v0/trace-capture.log
16g	20260303_145229	1	docker	bump PMA	v1	100	0	3.013339348	1.906728515	19.06728515	52.44585121233161	0	6	0	1	1169.7421875	1169.7421875	86.51171875	16384.00390625	928	1075.9453125	93.796875	47834	2	0:05.36	30408	0	/shared/nockchain-ext4-bench/artifacts/runs/20260303_145229-sol-ext4-derived-trace-sampling-btreefix-16g/runs/pass1/docker/streaming/v1/profile.json	/shared/nockchain-ext4-bench/artifacts/runs/20260303_145229-sol-ext4-derived-trace-sampling-btreefix-16g/runs/pass1/docker/streaming/v1/bench.log	/shared/nockchain-ext4-bench/artifacts/runs/20260303_145229-sol-ext4-derived-trace-sampling-btreefix-16g/runs/pass1/docker/streaming/v1/time.txt	0	0	/shared/nockchain-ext4-bench/artifacts/runs/20260303_145229-sol-ext4-derived-trace-sampling-btreefix-16g/runs/pass1/docker/streaming/v1/perf-summary.json	/shared/nockchain-ext4-bench/artifacts/runs/20260303_145229-sol-ext4-derived-trace-sampling-btreefix-16g/runs/pass1/docker/streaming/v1/perf-flamegraph.svg	/shared/nockchain-ext4-bench/artifacts/runs/20260303_145229-sol-ext4-derived-trace-sampling-btreefix-16g/runs/pass1/docker/streaming/v1/perf-report.txt	/shared/nockchain-ext4-bench/artifacts/runs/20260303_145229-sol-ext4-derived-trace-sampling-btreefix-16g/runs/pass1/docker/streaming/v1/perf.folded	/shared/nockchain-ext4-bench/artifacts/runs/20260303_145229-sol-ext4-derived-trace-sampling-btreefix-16g/runs/pass1/docker/streaming/v1/perf.data	/shared/nockchain-ext4-bench/artifacts/runs/20260303_145229-sol-ext4-derived-trace-sampling-btreefix-16g/runs/pass1/docker/streaming/v1/trace.tracy	/shared/nockchain-ext4-bench/artifacts/runs/20260303_145229-sol-ext4-derived-trace-sampling-btreefix-16g/runs/pass1/docker/streaming/v1/trace-capture.log	0	0	0	0	20260303_145229-sol-ext4-derived-trace-sampling-btreefix-16g	raw/20260303_145229-sol-ext4-derived-trace-sampling-btreefix-16g/runs/pass1/docker/streaming/v1/profile.json	raw/20260303_145229-sol-ext4-derived-trace-sampling-btreefix-16g/runs/pass1/docker/streaming/v1/bench.log	raw/20260303_145229-sol-ext4-derived-trace-sampling-btreefix-16g/runs/pass1/docker/streaming/v1/time.txt	raw/20260303_145229-sol-ext4-derived-trace-sampling-btreefix-16g/runs/pass1/docker/streaming/v1/perf-summary.json	raw/20260303_145229-sol-ext4-derived-trace-sampling-btreefix-16g/runs/pass1/docker/streaming/v1/perf-flamegraph.svg	raw/20260303_145229-sol-ext4-derived-trace-sampling-btreefix-16g/runs/pass1/docker/streaming/v1/perf-report.txt	raw/20260303_145229-sol-ext4-derived-trace-sampling-btreefix-16g/runs/pass1/docker/streaming/v1/perf.folded	raw/20260303_145229-sol-ext4-derived-trace-sampling-btreefix-16g/runs/pass1/docker/streaming/v1/perf.data	raw/20260303_145229-sol-ext4-derived-trace-sampling-btreefix-16g/runs/pass1/docker/streaming/v1/trace.tracy	raw/20260303_145229-sol-ext4-derived-trace-sampling-btreefix-16g/runs/pass1/docker/streaming/v1/trace-capture.log
16g	20260303_145229	1	docker	bump PMA	v2	100	0	3.082278568	1.8924627699999998	18.9246277	52.84119803318509	0	6	0	1	1169.671875	1169.671875	86.51171875	16384.00390625	928	1075.90625	93.765625	46812	2	0:05.29	30364	0	/shared/nockchain-ext4-bench/artifacts/runs/20260303_145229-sol-ext4-derived-trace-sampling-btreefix-16g/runs/pass1/docker/streaming/v2/profile.json	/shared/nockchain-ext4-bench/artifacts/runs/20260303_145229-sol-ext4-derived-trace-sampling-btreefix-16g/runs/pass1/docker/streaming/v2/bench.log	/shared/nockchain-ext4-bench/artifacts/runs/20260303_145229-sol-ext4-derived-trace-sampling-btreefix-16g/runs/pass1/docker/streaming/v2/time.txt	0	0	/shared/nockchain-ext4-bench/artifacts/runs/20260303_145229-sol-ext4-derived-trace-sampling-btreefix-16g/runs/pass1/docker/streaming/v2/perf-summary.json	/shared/nockchain-ext4-bench/artifacts/runs/20260303_145229-sol-ext4-derived-trace-sampling-btreefix-16g/runs/pass1/docker/streaming/v2/perf-flamegraph.svg	/shared/nockchain-ext4-bench/artifacts/runs/20260303_145229-sol-ext4-derived-trace-sampling-btreefix-16g/runs/pass1/docker/streaming/v2/perf-report.txt	/shared/nockchain-ext4-bench/artifacts/runs/20260303_145229-sol-ext4-derived-trace-sampling-btreefix-16g/runs/pass1/docker/streaming/v2/perf.folded	/shared/nockchain-ext4-bench/artifacts/runs/20260303_145229-sol-ext4-derived-trace-sampling-btreefix-16g/runs/pass1/docker/streaming/v2/perf.data	/shared/nockchain-ext4-bench/artifacts/runs/20260303_145229-sol-ext4-derived-trace-sampling-btreefix-16g/runs/pass1/docker/streaming/v2/trace.tracy	/shared/nockchain-ext4-bench/artifacts/runs/20260303_145229-sol-ext4-derived-trace-sampling-btreefix-16g/runs/pass1/docker/streaming/v2/trace-capture.log	0	0	0	0	20260303_145229-sol-ext4-derived-trace-sampling-btreefix-16g	raw/20260303_145229-sol-ext4-derived-trace-sampling-btreefix-16g/runs/pass1/docker/streaming/v2/profile.json	raw/20260303_145229-sol-ext4-derived-trace-sampling-btreefix-16g/runs/pass1/docker/streaming/v2/bench.log	raw/20260303_145229-sol-ext4-derived-trace-sampling-btreefix-16g/runs/pass1/docker/streaming/v2/time.txt	raw/20260303_145229-sol-ext4-derived-trace-sampling-btreefix-16g/runs/pass1/docker/streaming/v2/perf-summary.json	raw/20260303_145229-sol-ext4-derived-trace-sampling-btreefix-16g/runs/pass1/docker/streaming/v2/perf-flamegraph.svg	raw/20260303_145229-sol-ext4-derived-trace-sampling-btreefix-16g/runs/pass1/docker/streaming/v2/perf-report.txt	raw/20260303_145229-sol-ext4-derived-trace-sampling-btreefix-16g/runs/pass1/docker/streaming/v2/perf.folded	raw/20260303_145229-sol-ext4-derived-trace-sampling-btreefix-16g/runs/pass1/docker/streaming/v2/perf.data	raw/20260303_145229-sol-ext4-derived-trace-sampling-btreefix-16g/runs/pass1/docker/streaming/v2/trace.tracy	raw/20260303_145229-sol-ext4-derived-trace-sampling-btreefix-16g/runs/pass1/docker/streaming/v2/trace-capture.log
16g	20260303_145229	1	docker	btree	v0	100	0	3.069672431	1.8711112829999998	18.711112829999998	53.44417561293708	0	6	0	1	1298.66796875	1298.66796875	150.8671875	16448.00390625	928	1140.23828125	158.4296875	64631	2	0:05.45	30516	0	/shared/nockchain-ext4-bench/artifacts/runs/20260303_145229-sol-ext4-derived-trace-sampling-btreefix-16g/runs/pass1/docker/btree/v0/profile.json	/shared/nockchain-ext4-bench/artifacts/runs/20260303_145229-sol-ext4-derived-trace-sampling-btreefix-16g/runs/pass1/docker/btree/v0/bench.log	/shared/nockchain-ext4-bench/artifacts/runs/20260303_145229-sol-ext4-derived-trace-sampling-btreefix-16g/runs/pass1/docker/btree/v0/time.txt	0	0	/shared/nockchain-ext4-bench/artifacts/runs/20260303_145229-sol-ext4-derived-trace-sampling-btreefix-16g/runs/pass1/docker/btree/v0/perf-summary.json	/shared/nockchain-ext4-bench/artifacts/runs/20260303_145229-sol-ext4-derived-trace-sampling-btreefix-16g/runs/pass1/docker/btree/v0/perf-flamegraph.svg	/shared/nockchain-ext4-bench/artifacts/runs/20260303_145229-sol-ext4-derived-trace-sampling-btreefix-16g/runs/pass1/docker/btree/v0/perf-report.txt	/shared/nockchain-ext4-bench/artifacts/runs/20260303_145229-sol-ext4-derived-trace-sampling-btreefix-16g/runs/pass1/docker/btree/v0/perf.folded	/shared/nockchain-ext4-bench/artifacts/runs/20260303_145229-sol-ext4-derived-trace-sampling-btreefix-16g/runs/pass1/docker/btree/v0/perf.data	/shared/nockchain-ext4-bench/artifacts/runs/20260303_145229-sol-ext4-derived-trace-sampling-btreefix-16g/runs/pass1/docker/btree/v0/trace.tracy	/shared/nockchain-ext4-bench/artifacts/runs/20260303_145229-sol-ext4-derived-trace-sampling-btreefix-16g/runs/pass1/docker/btree/v0/trace-capture.log	0	0	0	0	20260303_145229-sol-ext4-derived-trace-sampling-btreefix-16g	raw/20260303_145229-sol-ext4-derived-trace-sampling-btreefix-16g/runs/pass1/docker/btree/v0/profile.json	raw/20260303_145229-sol-ext4-derived-trace-sampling-btreefix-16g/runs/pass1/docker/btree/v0/bench.log	raw/20260303_145229-sol-ext4-derived-trace-sampling-btreefix-16g/runs/pass1/docker/btree/v0/time.txt	raw/20260303_145229-sol-ext4-derived-trace-sampling-btreefix-16g/runs/pass1/docker/btree/v0/perf-summary.json	raw/20260303_145229-sol-ext4-derived-trace-sampling-btreefix-16g/runs/pass1/docker/btree/v0/perf-flamegraph.svg	raw/20260303_145229-sol-ext4-derived-trace-sampling-btreefix-16g/runs/pass1/docker/btree/v0/perf-report.txt	raw/20260303_145229-sol-ext4-derived-trace-sampling-btreefix-16g/runs/pass1/docker/btree/v0/perf.folded	raw/20260303_145229-sol-ext4-derived-trace-sampling-btreefix-16g/runs/pass1/docker/btree/v0/perf.data	raw/20260303_145229-sol-ext4-derived-trace-sampling-btreefix-16g/runs/pass1/docker/btree/v0/trace.tracy	raw/20260303_145229-sol-ext4-derived-trace-sampling-btreefix-16g/runs/pass1/docker/btree/v0/trace-capture.log
16g	20260303_145229	1	docker	btree	v1	100	0	3.056613875	1.9332698179999999	19.33269818	51.725837267480685	0	6	0	1	1298.29296875	1298.29296875	150.86328125	16448.00390625	928	1139.9609375	158.33203125	64345	2	0:05.51	29572	0	/shared/nockchain-ext4-bench/artifacts/runs/20260303_145229-sol-ext4-derived-trace-sampling-btreefix-16g/runs/pass1/docker/btree/v1/profile.json	/shared/nockchain-ext4-bench/artifacts/runs/20260303_145229-sol-ext4-derived-trace-sampling-btreefix-16g/runs/pass1/docker/btree/v1/bench.log	/shared/nockchain-ext4-bench/artifacts/runs/20260303_145229-sol-ext4-derived-trace-sampling-btreefix-16g/runs/pass1/docker/btree/v1/time.txt	0	0	/shared/nockchain-ext4-bench/artifacts/runs/20260303_145229-sol-ext4-derived-trace-sampling-btreefix-16g/runs/pass1/docker/btree/v1/perf-summary.json	/shared/nockchain-ext4-bench/artifacts/runs/20260303_145229-sol-ext4-derived-trace-sampling-btreefix-16g/runs/pass1/docker/btree/v1/perf-flamegraph.svg	/shared/nockchain-ext4-bench/artifacts/runs/20260303_145229-sol-ext4-derived-trace-sampling-btreefix-16g/runs/pass1/docker/btree/v1/perf-report.txt	/shared/nockchain-ext4-bench/artifacts/runs/20260303_145229-sol-ext4-derived-trace-sampling-btreefix-16g/runs/pass1/docker/btree/v1/perf.folded	/shared/nockchain-ext4-bench/artifacts/runs/20260303_145229-sol-ext4-derived-trace-sampling-btreefix-16g/runs/pass1/docker/btree/v1/perf.data	/shared/nockchain-ext4-bench/artifacts/runs/20260303_145229-sol-ext4-derived-trace-sampling-btreefix-16g/runs/pass1/docker/btree/v1/trace.tracy	/shared/nockchain-ext4-bench/artifacts/runs/20260303_145229-sol-ext4-derived-trace-sampling-btreefix-16g/runs/pass1/docker/btree/v1/trace-capture.log	0	0	0	0	20260303_145229-sol-ext4-derived-trace-sampling-btreefix-16g	raw/20260303_145229-sol-ext4-derived-trace-sampling-btreefix-16g/runs/pass1/docker/btree/v1/profile.json	raw/20260303_145229-sol-ext4-derived-trace-sampling-btreefix-16g/runs/pass1/docker/btree/v1/bench.log	raw/20260303_145229-sol-ext4-derived-trace-sampling-btreefix-16g/runs/pass1/docker/btree/v1/time.txt	raw/20260303_145229-sol-ext4-derived-trace-sampling-btreefix-16g/runs/pass1/docker/btree/v1/perf-summary.json	raw/20260303_145229-sol-ext4-derived-trace-sampling-btreefix-16g/runs/pass1/docker/btree/v1/perf-flamegraph.svg	raw/20260303_145229-sol-ext4-derived-trace-sampling-btreefix-16g/runs/pass1/docker/btree/v1/perf-report.txt	raw/20260303_145229-sol-ext4-derived-trace-sampling-btreefix-16g/runs/pass1/docker/btree/v1/perf.folded	raw/20260303_145229-sol-ext4-derived-trace-sampling-btreefix-16g/runs/pass1/docker/btree/v1/perf.data	raw/20260303_145229-sol-ext4-derived-trace-sampling-btreefix-16g/runs/pass1/docker/btree/v1/trace.tracy	raw/20260303_145229-sol-ext4-derived-trace-sampling-btreefix-16g/runs/pass1/docker/btree/v1/trace-capture.log
16g	20260303_145229	1	docker	btree	v2	100	0	3.059376337	1.906000557	19.06000557	52.4658818344721	0	6	0	1	1298.47265625	1298.47265625	150.86328125	16448.00390625	928	1139.90234375	158.5703125	63831	2	0:05.46	30608	0	/shared/nockchain-ext4-bench/artifacts/runs/20260303_145229-sol-ext4-derived-trace-sampling-btreefix-16g/runs/pass1/docker/btree/v2/profile.json	/shared/nockchain-ext4-bench/artifacts/runs/20260303_145229-sol-ext4-derived-trace-sampling-btreefix-16g/runs/pass1/docker/btree/v2/bench.log	/shared/nockchain-ext4-bench/artifacts/runs/20260303_145229-sol-ext4-derived-trace-sampling-btreefix-16g/runs/pass1/docker/btree/v2/time.txt	0	0	/shared/nockchain-ext4-bench/artifacts/runs/20260303_145229-sol-ext4-derived-trace-sampling-btreefix-16g/runs/pass1/docker/btree/v2/perf-summary.json	/shared/nockchain-ext4-bench/artifacts/runs/20260303_145229-sol-ext4-derived-trace-sampling-btreefix-16g/runs/pass1/docker/btree/v2/perf-flamegraph.svg	/shared/nockchain-ext4-bench/artifacts/runs/20260303_145229-sol-ext4-derived-trace-sampling-btreefix-16g/runs/pass1/docker/btree/v2/perf-report.txt	/shared/nockchain-ext4-bench/artifacts/runs/20260303_145229-sol-ext4-derived-trace-sampling-btreefix-16g/runs/pass1/docker/btree/v2/perf.folded	/shared/nockchain-ext4-bench/artifacts/runs/20260303_145229-sol-ext4-derived-trace-sampling-btreefix-16g/runs/pass1/docker/btree/v2/perf.data	/shared/nockchain-ext4-bench/artifacts/runs/20260303_145229-sol-ext4-derived-trace-sampling-btreefix-16g/runs/pass1/docker/btree/v2/trace.tracy	/shared/nockchain-ext4-bench/artifacts/runs/20260303_145229-sol-ext4-derived-trace-sampling-btreefix-16g/runs/pass1/docker/btree/v2/trace-capture.log	0	0	0	0	20260303_145229-sol-ext4-derived-trace-sampling-btreefix-16g	raw/20260303_145229-sol-ext4-derived-trace-sampling-btreefix-16g/runs/pass1/docker/btree/v2/profile.json	raw/20260303_145229-sol-ext4-derived-trace-sampling-btreefix-16g/runs/pass1/docker/btree/v2/bench.log	raw/20260303_145229-sol-ext4-derived-trace-sampling-btreefix-16g/runs/pass1/docker/btree/v2/time.txt	raw/20260303_145229-sol-ext4-derived-trace-sampling-btreefix-16g/runs/pass1/docker/btree/v2/perf-summary.json	raw/20260303_145229-sol-ext4-derived-trace-sampling-btreefix-16g/runs/pass1/docker/btree/v2/perf-flamegraph.svg	raw/20260303_145229-sol-ext4-derived-trace-sampling-btreefix-16g/runs/pass1/docker/btree/v2/perf-report.txt	raw/20260303_145229-sol-ext4-derived-trace-sampling-btreefix-16g/runs/pass1/docker/btree/v2/perf.folded	raw/20260303_145229-sol-ext4-derived-trace-sampling-btreefix-16g/runs/pass1/docker/btree/v2/perf.data	raw/20260303_145229-sol-ext4-derived-trace-sampling-btreefix-16g/runs/pass1/docker/btree/v2/trace.tracy	raw/20260303_145229-sol-ext4-derived-trace-sampling-btreefix-16g/runs/pass1/docker/btree/v2/trace-capture.log
32g	20260303_145327	1	docker	master	v0	100	0	2.422695559	4.310709015	43.10709015	23.198039963270407	0	11	0	0	1063.42578125	1063.42578125	0	0	928	1056.55859375	6.8671875	21063	0	0:06.99	30516	0	/shared/nockchain-ext4-bench/artifacts/runs/20260303_145327-sol-ext4-derived-trace-sampling-btreefix-32g/runs/pass1/docker/master/v0/profile.json	/shared/nockchain-ext4-bench/artifacts/runs/20260303_145327-sol-ext4-derived-trace-sampling-btreefix-32g/runs/pass1/docker/master/v0/bench.log	/shared/nockchain-ext4-bench/artifacts/runs/20260303_145327-sol-ext4-derived-trace-sampling-btreefix-32g/runs/pass1/docker/master/v0/time.txt	0	0	/shared/nockchain-ext4-bench/artifacts/runs/20260303_145327-sol-ext4-derived-trace-sampling-btreefix-32g/runs/pass1/docker/master/v0/perf-summary.json	/shared/nockchain-ext4-bench/artifacts/runs/20260303_145327-sol-ext4-derived-trace-sampling-btreefix-32g/runs/pass1/docker/master/v0/perf-flamegraph.svg	/shared/nockchain-ext4-bench/artifacts/runs/20260303_145327-sol-ext4-derived-trace-sampling-btreefix-32g/runs/pass1/docker/master/v0/perf-report.txt	/shared/nockchain-ext4-bench/artifacts/runs/20260303_145327-sol-ext4-derived-trace-sampling-btreefix-32g/runs/pass1/docker/master/v0/perf.folded	/shared/nockchain-ext4-bench/artifacts/runs/20260303_145327-sol-ext4-derived-trace-sampling-btreefix-32g/runs/pass1/docker/master/v0/perf.data	/shared/nockchain-ext4-bench/artifacts/runs/20260303_145327-sol-ext4-derived-trace-sampling-btreefix-32g/runs/pass1/docker/master/v0/trace.tracy	/shared/nockchain-ext4-bench/artifacts/runs/20260303_145327-sol-ext4-derived-trace-sampling-btreefix-32g/runs/pass1/docker/master/v0/trace-capture.log	0	0	0	0	20260303_145327-sol-ext4-derived-trace-sampling-btreefix-32g	raw/20260303_145327-sol-ext4-derived-trace-sampling-btreefix-32g/runs/pass1/docker/master/v0/profile.json	raw/20260303_145327-sol-ext4-derived-trace-sampling-btreefix-32g/runs/pass1/docker/master/v0/bench.log	raw/20260303_145327-sol-ext4-derived-trace-sampling-btreefix-32g/runs/pass1/docker/master/v0/time.txt	raw/20260303_145327-sol-ext4-derived-trace-sampling-btreefix-32g/runs/pass1/docker/master/v0/perf-summary.json	raw/20260303_145327-sol-ext4-derived-trace-sampling-btreefix-32g/runs/pass1/docker/master/v0/perf-flamegraph.svg	raw/20260303_145327-sol-ext4-derived-trace-sampling-btreefix-32g/runs/pass1/docker/master/v0/perf-report.txt	raw/20260303_145327-sol-ext4-derived-trace-sampling-btreefix-32g/runs/pass1/docker/master/v0/perf.folded	raw/20260303_145327-sol-ext4-derived-trace-sampling-btreefix-32g/runs/pass1/docker/master/v0/perf.data	raw/20260303_145327-sol-ext4-derived-trace-sampling-btreefix-32g/runs/pass1/docker/master/v0/trace.tracy	raw/20260303_145327-sol-ext4-derived-trace-sampling-btreefix-32g/runs/pass1/docker/master/v0/trace-capture.log
32g	20260303_145327	1	docker	master	v1	100	0	2.414473163	4.630449967	46.30449967	21.596173312026632	0	11	0	0	1063.41015625	1063.41015625	0	0	928.04296875	1056.625	6.78515625	21582	0	0:07.31	30224	0	/shared/nockchain-ext4-bench/artifacts/runs/20260303_145327-sol-ext4-derived-trace-sampling-btreefix-32g/runs/pass1/docker/master/v1/profile.json	/shared/nockchain-ext4-bench/artifacts/runs/20260303_145327-sol-ext4-derived-trace-sampling-btreefix-32g/runs/pass1/docker/master/v1/bench.log	/shared/nockchain-ext4-bench/artifacts/runs/20260303_145327-sol-ext4-derived-trace-sampling-btreefix-32g/runs/pass1/docker/master/v1/time.txt	0	0	/shared/nockchain-ext4-bench/artifacts/runs/20260303_145327-sol-ext4-derived-trace-sampling-btreefix-32g/runs/pass1/docker/master/v1/perf-summary.json	/shared/nockchain-ext4-bench/artifacts/runs/20260303_145327-sol-ext4-derived-trace-sampling-btreefix-32g/runs/pass1/docker/master/v1/perf-flamegraph.svg	/shared/nockchain-ext4-bench/artifacts/runs/20260303_145327-sol-ext4-derived-trace-sampling-btreefix-32g/runs/pass1/docker/master/v1/perf-report.txt	/shared/nockchain-ext4-bench/artifacts/runs/20260303_145327-sol-ext4-derived-trace-sampling-btreefix-32g/runs/pass1/docker/master/v1/perf.folded	/shared/nockchain-ext4-bench/artifacts/runs/20260303_145327-sol-ext4-derived-trace-sampling-btreefix-32g/runs/pass1/docker/master/v1/perf.data	/shared/nockchain-ext4-bench/artifacts/runs/20260303_145327-sol-ext4-derived-trace-sampling-btreefix-32g/runs/pass1/docker/master/v1/trace.tracy	/shared/nockchain-ext4-bench/artifacts/runs/20260303_145327-sol-ext4-derived-trace-sampling-btreefix-32g/runs/pass1/docker/master/v1/trace-capture.log	0	0	0	0	20260303_145327-sol-ext4-derived-trace-sampling-btreefix-32g	raw/20260303_145327-sol-ext4-derived-trace-sampling-btreefix-32g/runs/pass1/docker/master/v1/profile.json	raw/20260303_145327-sol-ext4-derived-trace-sampling-btreefix-32g/runs/pass1/docker/master/v1/bench.log	raw/20260303_145327-sol-ext4-derived-trace-sampling-btreefix-32g/runs/pass1/docker/master/v1/time.txt	raw/20260303_145327-sol-ext4-derived-trace-sampling-btreefix-32g/runs/pass1/docker/master/v1/perf-summary.json	raw/20260303_145327-sol-ext4-derived-trace-sampling-btreefix-32g/runs/pass1/docker/master/v1/perf-flamegraph.svg	raw/20260303_145327-sol-ext4-derived-trace-sampling-btreefix-32g/runs/pass1/docker/master/v1/perf-report.txt	raw/20260303_145327-sol-ext4-derived-trace-sampling-btreefix-32g/runs/pass1/docker/master/v1/perf.folded	raw/20260303_145327-sol-ext4-derived-trace-sampling-btreefix-32g/runs/pass1/docker/master/v1/perf.data	raw/20260303_145327-sol-ext4-derived-trace-sampling-btreefix-32g/runs/pass1/docker/master/v1/trace.tracy	raw/20260303_145327-sol-ext4-derived-trace-sampling-btreefix-32g/runs/pass1/docker/master/v1/trace-capture.log
32g	20260303_145327	1	docker	master	v2	100	0	2.530572303	4.488038886	44.880388860000004	22.281446872472575	0	11	0	0	1063.5390625	1063.5390625	0	0	928.04296875	1056.5859375	6.953125	21076	0	0:07.31	29664	0	/shared/nockchain-ext4-bench/artifacts/runs/20260303_145327-sol-ext4-derived-trace-sampling-btreefix-32g/runs/pass1/docker/master/v2/profile.json	/shared/nockchain-ext4-bench/artifacts/runs/20260303_145327-sol-ext4-derived-trace-sampling-btreefix-32g/runs/pass1/docker/master/v2/bench.log	/shared/nockchain-ext4-bench/artifacts/runs/20260303_145327-sol-ext4-derived-trace-sampling-btreefix-32g/runs/pass1/docker/master/v2/time.txt	0	0	/shared/nockchain-ext4-bench/artifacts/runs/20260303_145327-sol-ext4-derived-trace-sampling-btreefix-32g/runs/pass1/docker/master/v2/perf-summary.json	/shared/nockchain-ext4-bench/artifacts/runs/20260303_145327-sol-ext4-derived-trace-sampling-btreefix-32g/runs/pass1/docker/master/v2/perf-flamegraph.svg	/shared/nockchain-ext4-bench/artifacts/runs/20260303_145327-sol-ext4-derived-trace-sampling-btreefix-32g/runs/pass1/docker/master/v2/perf-report.txt	/shared/nockchain-ext4-bench/artifacts/runs/20260303_145327-sol-ext4-derived-trace-sampling-btreefix-32g/runs/pass1/docker/master/v2/perf.folded	/shared/nockchain-ext4-bench/artifacts/runs/20260303_145327-sol-ext4-derived-trace-sampling-btreefix-32g/runs/pass1/docker/master/v2/perf.data	/shared/nockchain-ext4-bench/artifacts/runs/20260303_145327-sol-ext4-derived-trace-sampling-btreefix-32g/runs/pass1/docker/master/v2/trace.tracy	/shared/nockchain-ext4-bench/artifacts/runs/20260303_145327-sol-ext4-derived-trace-sampling-btreefix-32g/runs/pass1/docker/master/v2/trace-capture.log	0	0	0	0	20260303_145327-sol-ext4-derived-trace-sampling-btreefix-32g	raw/20260303_145327-sol-ext4-derived-trace-sampling-btreefix-32g/runs/pass1/docker/master/v2/profile.json	raw/20260303_145327-sol-ext4-derived-trace-sampling-btreefix-32g/runs/pass1/docker/master/v2/bench.log	raw/20260303_145327-sol-ext4-derived-trace-sampling-btreefix-32g/runs/pass1/docker/master/v2/time.txt	raw/20260303_145327-sol-ext4-derived-trace-sampling-btreefix-32g/runs/pass1/docker/master/v2/perf-summary.json	raw/20260303_145327-sol-ext4-derived-trace-sampling-btreefix-32g/runs/pass1/docker/master/v2/perf-flamegraph.svg	raw/20260303_145327-sol-ext4-derived-trace-sampling-btreefix-32g/runs/pass1/docker/master/v2/perf-report.txt	raw/20260303_145327-sol-ext4-derived-trace-sampling-btreefix-32g/runs/pass1/docker/master/v2/perf.folded	raw/20260303_145327-sol-ext4-derived-trace-sampling-btreefix-32g/runs/pass1/docker/master/v2/perf.data	raw/20260303_145327-sol-ext4-derived-trace-sampling-btreefix-32g/runs/pass1/docker/master/v2/trace.tracy	raw/20260303_145327-sol-ext4-derived-trace-sampling-btreefix-32g/runs/pass1/docker/master/v2/trace-capture.log
32g	20260303_145327	1	docker	bump PMA	v0	100	0	3.041851324	1.907942658	19.07942658	52.412476643729406	0	6	0	1	1170.8203125	1170.8203125	86.51171875	16384.00390625	928	1077.05859375	93.76171875	47310	2	0:05.30	29648	0	/shared/nockchain-ext4-bench/artifacts/runs/20260303_145327-sol-ext4-derived-trace-sampling-btreefix-32g/runs/pass1/docker/streaming/v0/profile.json	/shared/nockchain-ext4-bench/artifacts/runs/20260303_145327-sol-ext4-derived-trace-sampling-btreefix-32g/runs/pass1/docker/streaming/v0/bench.log	/shared/nockchain-ext4-bench/artifacts/runs/20260303_145327-sol-ext4-derived-trace-sampling-btreefix-32g/runs/pass1/docker/streaming/v0/time.txt	0	0	/shared/nockchain-ext4-bench/artifacts/runs/20260303_145327-sol-ext4-derived-trace-sampling-btreefix-32g/runs/pass1/docker/streaming/v0/perf-summary.json	/shared/nockchain-ext4-bench/artifacts/runs/20260303_145327-sol-ext4-derived-trace-sampling-btreefix-32g/runs/pass1/docker/streaming/v0/perf-flamegraph.svg	/shared/nockchain-ext4-bench/artifacts/runs/20260303_145327-sol-ext4-derived-trace-sampling-btreefix-32g/runs/pass1/docker/streaming/v0/perf-report.txt	/shared/nockchain-ext4-bench/artifacts/runs/20260303_145327-sol-ext4-derived-trace-sampling-btreefix-32g/runs/pass1/docker/streaming/v0/perf.folded	/shared/nockchain-ext4-bench/artifacts/runs/20260303_145327-sol-ext4-derived-trace-sampling-btreefix-32g/runs/pass1/docker/streaming/v0/perf.data	/shared/nockchain-ext4-bench/artifacts/runs/20260303_145327-sol-ext4-derived-trace-sampling-btreefix-32g/runs/pass1/docker/streaming/v0/trace.tracy	/shared/nockchain-ext4-bench/artifacts/runs/20260303_145327-sol-ext4-derived-trace-sampling-btreefix-32g/runs/pass1/docker/streaming/v0/trace-capture.log	0	0	0	0	20260303_145327-sol-ext4-derived-trace-sampling-btreefix-32g	raw/20260303_145327-sol-ext4-derived-trace-sampling-btreefix-32g/runs/pass1/docker/streaming/v0/profile.json	raw/20260303_145327-sol-ext4-derived-trace-sampling-btreefix-32g/runs/pass1/docker/streaming/v0/bench.log	raw/20260303_145327-sol-ext4-derived-trace-sampling-btreefix-32g/runs/pass1/docker/streaming/v0/time.txt	raw/20260303_145327-sol-ext4-derived-trace-sampling-btreefix-32g/runs/pass1/docker/streaming/v0/perf-summary.json	raw/20260303_145327-sol-ext4-derived-trace-sampling-btreefix-32g/runs/pass1/docker/streaming/v0/perf-flamegraph.svg	raw/20260303_145327-sol-ext4-derived-trace-sampling-btreefix-32g/runs/pass1/docker/streaming/v0/perf-report.txt	raw/20260303_145327-sol-ext4-derived-trace-sampling-btreefix-32g/runs/pass1/docker/streaming/v0/perf.folded	raw/20260303_145327-sol-ext4-derived-trace-sampling-btreefix-32g/runs/pass1/docker/streaming/v0/perf.data	raw/20260303_145327-sol-ext4-derived-trace-sampling-btreefix-32g/runs/pass1/docker/streaming/v0/trace.tracy	raw/20260303_145327-sol-ext4-derived-trace-sampling-btreefix-32g/runs/pass1/docker/streaming/v0/trace-capture.log
32g	20260303_145327	1	docker	bump PMA	v1	100	0	3.015162876	1.903861967	19.03861967	52.52481625943421	0	6	0	1	1169.8203125	1169.8203125	86.51171875	16384.00390625	928	1075.9453125	93.875	46810	2	0:05.27	30944	0	/shared/nockchain-ext4-bench/artifacts/runs/20260303_145327-sol-ext4-derived-trace-sampling-btreefix-32g/runs/pass1/docker/streaming/v1/profile.json	/shared/nockchain-ext4-bench/artifacts/runs/20260303_145327-sol-ext4-derived-trace-sampling-btreefix-32g/runs/pass1/docker/streaming/v1/bench.log	/shared/nockchain-ext4-bench/artifacts/runs/20260303_145327-sol-ext4-derived-trace-sampling-btreefix-32g/runs/pass1/docker/streaming/v1/time.txt	0	0	/shared/nockchain-ext4-bench/artifacts/runs/20260303_145327-sol-ext4-derived-trace-sampling-btreefix-32g/runs/pass1/docker/streaming/v1/perf-summary.json	/shared/nockchain-ext4-bench/artifacts/runs/20260303_145327-sol-ext4-derived-trace-sampling-btreefix-32g/runs/pass1/docker/streaming/v1/perf-flamegraph.svg	/shared/nockchain-ext4-bench/artifacts/runs/20260303_145327-sol-ext4-derived-trace-sampling-btreefix-32g/runs/pass1/docker/streaming/v1/perf-report.txt	/shared/nockchain-ext4-bench/artifacts/runs/20260303_145327-sol-ext4-derived-trace-sampling-btreefix-32g/runs/pass1/docker/streaming/v1/perf.folded	/shared/nockchain-ext4-bench/artifacts/runs/20260303_145327-sol-ext4-derived-trace-sampling-btreefix-32g/runs/pass1/docker/streaming/v1/perf.data	/shared/nockchain-ext4-bench/artifacts/runs/20260303_145327-sol-ext4-derived-trace-sampling-btreefix-32g/runs/pass1/docker/streaming/v1/trace.tracy	/shared/nockchain-ext4-bench/artifacts/runs/20260303_145327-sol-ext4-derived-trace-sampling-btreefix-32g/runs/pass1/docker/streaming/v1/trace-capture.log	0	0	0	0	20260303_145327-sol-ext4-derived-trace-sampling-btreefix-32g	raw/20260303_145327-sol-ext4-derived-trace-sampling-btreefix-32g/runs/pass1/docker/streaming/v1/profile.json	raw/20260303_145327-sol-ext4-derived-trace-sampling-btreefix-32g/runs/pass1/docker/streaming/v1/bench.log	raw/20260303_145327-sol-ext4-derived-trace-sampling-btreefix-32g/runs/pass1/docker/streaming/v1/time.txt	raw/20260303_145327-sol-ext4-derived-trace-sampling-btreefix-32g/runs/pass1/docker/streaming/v1/perf-summary.json	raw/20260303_145327-sol-ext4-derived-trace-sampling-btreefix-32g/runs/pass1/docker/streaming/v1/perf-flamegraph.svg	raw/20260303_145327-sol-ext4-derived-trace-sampling-btreefix-32g/runs/pass1/docker/streaming/v1/perf-report.txt	raw/20260303_145327-sol-ext4-derived-trace-sampling-btreefix-32g/runs/pass1/docker/streaming/v1/perf.folded	raw/20260303_145327-sol-ext4-derived-trace-sampling-btreefix-32g/runs/pass1/docker/streaming/v1/perf.data	raw/20260303_145327-sol-ext4-derived-trace-sampling-btreefix-32g/runs/pass1/docker/streaming/v1/trace.tracy	raw/20260303_145327-sol-ext4-derived-trace-sampling-btreefix-32g/runs/pass1/docker/streaming/v1/trace-capture.log
32g	20260303_145327	1	docker	bump PMA	v2	100	0	3.013388901	1.900030535	19.00030535	52.630733116086475	0	6	0	1	1170.02734375	1170.02734375	86.51171875	16384.00390625	928	1076.1953125	93.83203125	47106	2	0:05.27	31188	0	/shared/nockchain-ext4-bench/artifacts/runs/20260303_145327-sol-ext4-derived-trace-sampling-btreefix-32g/runs/pass1/docker/streaming/v2/profile.json	/shared/nockchain-ext4-bench/artifacts/runs/20260303_145327-sol-ext4-derived-trace-sampling-btreefix-32g/runs/pass1/docker/streaming/v2/bench.log	/shared/nockchain-ext4-bench/artifacts/runs/20260303_145327-sol-ext4-derived-trace-sampling-btreefix-32g/runs/pass1/docker/streaming/v2/time.txt	0	0	/shared/nockchain-ext4-bench/artifacts/runs/20260303_145327-sol-ext4-derived-trace-sampling-btreefix-32g/runs/pass1/docker/streaming/v2/perf-summary.json	/shared/nockchain-ext4-bench/artifacts/runs/20260303_145327-sol-ext4-derived-trace-sampling-btreefix-32g/runs/pass1/docker/streaming/v2/perf-flamegraph.svg	/shared/nockchain-ext4-bench/artifacts/runs/20260303_145327-sol-ext4-derived-trace-sampling-btreefix-32g/runs/pass1/docker/streaming/v2/perf-report.txt	/shared/nockchain-ext4-bench/artifacts/runs/20260303_145327-sol-ext4-derived-trace-sampling-btreefix-32g/runs/pass1/docker/streaming/v2/perf.folded	/shared/nockchain-ext4-bench/artifacts/runs/20260303_145327-sol-ext4-derived-trace-sampling-btreefix-32g/runs/pass1/docker/streaming/v2/perf.data	/shared/nockchain-ext4-bench/artifacts/runs/20260303_145327-sol-ext4-derived-trace-sampling-btreefix-32g/runs/pass1/docker/streaming/v2/trace.tracy	/shared/nockchain-ext4-bench/artifacts/runs/20260303_145327-sol-ext4-derived-trace-sampling-btreefix-32g/runs/pass1/docker/streaming/v2/trace-capture.log	0	0	0	0	20260303_145327-sol-ext4-derived-trace-sampling-btreefix-32g	raw/20260303_145327-sol-ext4-derived-trace-sampling-btreefix-32g/runs/pass1/docker/streaming/v2/profile.json	raw/20260303_145327-sol-ext4-derived-trace-sampling-btreefix-32g/runs/pass1/docker/streaming/v2/bench.log	raw/20260303_145327-sol-ext4-derived-trace-sampling-btreefix-32g/runs/pass1/docker/streaming/v2/time.txt	raw/20260303_145327-sol-ext4-derived-trace-sampling-btreefix-32g/runs/pass1/docker/streaming/v2/perf-summary.json	raw/20260303_145327-sol-ext4-derived-trace-sampling-btreefix-32g/runs/pass1/docker/streaming/v2/perf-flamegraph.svg	raw/20260303_145327-sol-ext4-derived-trace-sampling-btreefix-32g/runs/pass1/docker/streaming/v2/perf-report.txt	raw/20260303_145327-sol-ext4-derived-trace-sampling-btreefix-32g/runs/pass1/docker/streaming/v2/perf.folded	raw/20260303_145327-sol-ext4-derived-trace-sampling-btreefix-32g/runs/pass1/docker/streaming/v2/perf.data	raw/20260303_145327-sol-ext4-derived-trace-sampling-btreefix-32g/runs/pass1/docker/streaming/v2/trace.tracy	raw/20260303_145327-sol-ext4-derived-trace-sampling-btreefix-32g/runs/pass1/docker/streaming/v2/trace-capture.log
32g	20260303_145327	1	docker	btree	v0	100	0	3.250822394	1.899316783	18.99316783	52.65051143393177	0	6	0	1	1298.15625	1298.15625	150.8671875	16448.00390625	928	1139.8828125	158.2734375	65352	2	0:05.56	30460	0	/shared/nockchain-ext4-bench/artifacts/runs/20260303_145327-sol-ext4-derived-trace-sampling-btreefix-32g/runs/pass1/docker/btree/v0/profile.json	/shared/nockchain-ext4-bench/artifacts/runs/20260303_145327-sol-ext4-derived-trace-sampling-btreefix-32g/runs/pass1/docker/btree/v0/bench.log	/shared/nockchain-ext4-bench/artifacts/runs/20260303_145327-sol-ext4-derived-trace-sampling-btreefix-32g/runs/pass1/docker/btree/v0/time.txt	0	0	/shared/nockchain-ext4-bench/artifacts/runs/20260303_145327-sol-ext4-derived-trace-sampling-btreefix-32g/runs/pass1/docker/btree/v0/perf-summary.json	/shared/nockchain-ext4-bench/artifacts/runs/20260303_145327-sol-ext4-derived-trace-sampling-btreefix-32g/runs/pass1/docker/btree/v0/perf-flamegraph.svg	/shared/nockchain-ext4-bench/artifacts/runs/20260303_145327-sol-ext4-derived-trace-sampling-btreefix-32g/runs/pass1/docker/btree/v0/perf-report.txt	/shared/nockchain-ext4-bench/artifacts/runs/20260303_145327-sol-ext4-derived-trace-sampling-btreefix-32g/runs/pass1/docker/btree/v0/perf.folded	/shared/nockchain-ext4-bench/artifacts/runs/20260303_145327-sol-ext4-derived-trace-sampling-btreefix-32g/runs/pass1/docker/btree/v0/perf.data	/shared/nockchain-ext4-bench/artifacts/runs/20260303_145327-sol-ext4-derived-trace-sampling-btreefix-32g/runs/pass1/docker/btree/v0/trace.tracy	/shared/nockchain-ext4-bench/artifacts/runs/20260303_145327-sol-ext4-derived-trace-sampling-btreefix-32g/runs/pass1/docker/btree/v0/trace-capture.log	0	0	0	0	20260303_145327-sol-ext4-derived-trace-sampling-btreefix-32g	raw/20260303_145327-sol-ext4-derived-trace-sampling-btreefix-32g/runs/pass1/docker/btree/v0/profile.json	raw/20260303_145327-sol-ext4-derived-trace-sampling-btreefix-32g/runs/pass1/docker/btree/v0/bench.log	raw/20260303_145327-sol-ext4-derived-trace-sampling-btreefix-32g/runs/pass1/docker/btree/v0/time.txt	raw/20260303_145327-sol-ext4-derived-trace-sampling-btreefix-32g/runs/pass1/docker/btree/v0/perf-summary.json	raw/20260303_145327-sol-ext4-derived-trace-sampling-btreefix-32g/runs/pass1/docker/btree/v0/perf-flamegraph.svg	raw/20260303_145327-sol-ext4-derived-trace-sampling-btreefix-32g/runs/pass1/docker/btree/v0/perf-report.txt	raw/20260303_145327-sol-ext4-derived-trace-sampling-btreefix-32g/runs/pass1/docker/btree/v0/perf.folded	raw/20260303_145327-sol-ext4-derived-trace-sampling-btreefix-32g/runs/pass1/docker/btree/v0/perf.data	raw/20260303_145327-sol-ext4-derived-trace-sampling-btreefix-32g/runs/pass1/docker/btree/v0/trace.tracy	raw/20260303_145327-sol-ext4-derived-trace-sampling-btreefix-32g/runs/pass1/docker/btree/v0/trace-capture.log
32g	20260303_145327	1	docker	btree	v1	100	0	3.071465532	1.914353178	19.14353178	52.23696502255343	0	6	0	1	1298.640625	1298.640625	150.86328125	16448.00390625	928	1140.33984375	158.30078125	64137	2	0:05.50	29276	0	/shared/nockchain-ext4-bench/artifacts/runs/20260303_145327-sol-ext4-derived-trace-sampling-btreefix-32g/runs/pass1/docker/btree/v1/profile.json	/shared/nockchain-ext4-bench/artifacts/runs/20260303_145327-sol-ext4-derived-trace-sampling-btreefix-32g/runs/pass1/docker/btree/v1/bench.log	/shared/nockchain-ext4-bench/artifacts/runs/20260303_145327-sol-ext4-derived-trace-sampling-btreefix-32g/runs/pass1/docker/btree/v1/time.txt	0	0	/shared/nockchain-ext4-bench/artifacts/runs/20260303_145327-sol-ext4-derived-trace-sampling-btreefix-32g/runs/pass1/docker/btree/v1/perf-summary.json	/shared/nockchain-ext4-bench/artifacts/runs/20260303_145327-sol-ext4-derived-trace-sampling-btreefix-32g/runs/pass1/docker/btree/v1/perf-flamegraph.svg	/shared/nockchain-ext4-bench/artifacts/runs/20260303_145327-sol-ext4-derived-trace-sampling-btreefix-32g/runs/pass1/docker/btree/v1/perf-report.txt	/shared/nockchain-ext4-bench/artifacts/runs/20260303_145327-sol-ext4-derived-trace-sampling-btreefix-32g/runs/pass1/docker/btree/v1/perf.folded	/shared/nockchain-ext4-bench/artifacts/runs/20260303_145327-sol-ext4-derived-trace-sampling-btreefix-32g/runs/pass1/docker/btree/v1/perf.data	/shared/nockchain-ext4-bench/artifacts/runs/20260303_145327-sol-ext4-derived-trace-sampling-btreefix-32g/runs/pass1/docker/btree/v1/trace.tracy	/shared/nockchain-ext4-bench/artifacts/runs/20260303_145327-sol-ext4-derived-trace-sampling-btreefix-32g/runs/pass1/docker/btree/v1/trace-capture.log	0	0	0	0	20260303_145327-sol-ext4-derived-trace-sampling-btreefix-32g	raw/20260303_145327-sol-ext4-derived-trace-sampling-btreefix-32g/runs/pass1/docker/btree/v1/profile.json	raw/20260303_145327-sol-ext4-derived-trace-sampling-btreefix-32g/runs/pass1/docker/btree/v1/bench.log	raw/20260303_145327-sol-ext4-derived-trace-sampling-btreefix-32g/runs/pass1/docker/btree/v1/time.txt	raw/20260303_145327-sol-ext4-derived-trace-sampling-btreefix-32g/runs/pass1/docker/btree/v1/perf-summary.json	raw/20260303_145327-sol-ext4-derived-trace-sampling-btreefix-32g/runs/pass1/docker/btree/v1/perf-flamegraph.svg	raw/20260303_145327-sol-ext4-derived-trace-sampling-btreefix-32g/runs/pass1/docker/btree/v1/perf-report.txt	raw/20260303_145327-sol-ext4-derived-trace-sampling-btreefix-32g/runs/pass1/docker/btree/v1/perf.folded	raw/20260303_145327-sol-ext4-derived-trace-sampling-btreefix-32g/runs/pass1/docker/btree/v1/perf.data	raw/20260303_145327-sol-ext4-derived-trace-sampling-btreefix-32g/runs/pass1/docker/btree/v1/trace.tracy	raw/20260303_145327-sol-ext4-derived-trace-sampling-btreefix-32g/runs/pass1/docker/btree/v1/trace-capture.log
32g	20260303_145327	1	docker	btree	v2	100	0	3.098950188	1.918919411	19.189194110000003	52.11266269274296	0	6	0	1	1298.1484375	1298.1484375	150.86328125	16448.00390625	928	1139.9140625	158.234375	64854	2	0:05.43	29600	0	/shared/nockchain-ext4-bench/artifacts/runs/20260303_145327-sol-ext4-derived-trace-sampling-btreefix-32g/runs/pass1/docker/btree/v2/profile.json	/shared/nockchain-ext4-bench/artifacts/runs/20260303_145327-sol-ext4-derived-trace-sampling-btreefix-32g/runs/pass1/docker/btree/v2/bench.log	/shared/nockchain-ext4-bench/artifacts/runs/20260303_145327-sol-ext4-derived-trace-sampling-btreefix-32g/runs/pass1/docker/btree/v2/time.txt	0	0	/shared/nockchain-ext4-bench/artifacts/runs/20260303_145327-sol-ext4-derived-trace-sampling-btreefix-32g/runs/pass1/docker/btree/v2/perf-summary.json	/shared/nockchain-ext4-bench/artifacts/runs/20260303_145327-sol-ext4-derived-trace-sampling-btreefix-32g/runs/pass1/docker/btree/v2/perf-flamegraph.svg	/shared/nockchain-ext4-bench/artifacts/runs/20260303_145327-sol-ext4-derived-trace-sampling-btreefix-32g/runs/pass1/docker/btree/v2/perf-report.txt	/shared/nockchain-ext4-bench/artifacts/runs/20260303_145327-sol-ext4-derived-trace-sampling-btreefix-32g/runs/pass1/docker/btree/v2/perf.folded	/shared/nockchain-ext4-bench/artifacts/runs/20260303_145327-sol-ext4-derived-trace-sampling-btreefix-32g/runs/pass1/docker/btree/v2/perf.data	/shared/nockchain-ext4-bench/artifacts/runs/20260303_145327-sol-ext4-derived-trace-sampling-btreefix-32g/runs/pass1/docker/btree/v2/trace.tracy	/shared/nockchain-ext4-bench/artifacts/runs/20260303_145327-sol-ext4-derived-trace-sampling-btreefix-32g/runs/pass1/docker/btree/v2/trace-capture.log	0	0	0	0	20260303_145327-sol-ext4-derived-trace-sampling-btreefix-32g	raw/20260303_145327-sol-ext4-derived-trace-sampling-btreefix-32g/runs/pass1/docker/btree/v2/profile.json	raw/20260303_145327-sol-ext4-derived-trace-sampling-btreefix-32g/runs/pass1/docker/btree/v2/bench.log	raw/20260303_145327-sol-ext4-derived-trace-sampling-btreefix-32g/runs/pass1/docker/btree/v2/time.txt	raw/20260303_145327-sol-ext4-derived-trace-sampling-btreefix-32g/runs/pass1/docker/btree/v2/perf-summary.json	raw/20260303_145327-sol-ext4-derived-trace-sampling-btreefix-32g/runs/pass1/docker/btree/v2/perf-flamegraph.svg	raw/20260303_145327-sol-ext4-derived-trace-sampling-btreefix-32g/runs/pass1/docker/btree/v2/perf-report.txt	raw/20260303_145327-sol-ext4-derived-trace-sampling-btreefix-32g/runs/pass1/docker/btree/v2/perf.folded	raw/20260303_145327-sol-ext4-derived-trace-sampling-btreefix-32g/runs/pass1/docker/btree/v2/perf.data	raw/20260303_145327-sol-ext4-derived-trace-sampling-btreefix-32g/runs/pass1/docker/btree/v2/trace.tracy	raw/20260303_145327-sol-ext4-derived-trace-sampling-btreefix-32g/runs/pass1/docker/btree/v2/trace-capture.log
